Workbook

Sheet Sheet1
A1: Experimental Velocity [cm/s] | C1: Column1
A2: temperature
A3: dive_time | D3: https://sd-esweetapp.eni.com/FUSION_MATERIAL
A4: crucible
A5: id_material | D5: id_test_code
A6: density [g/m^3] | D6: crucible
A7: Ni_mol | D7: author
A8: Cr_mol | D8: id_paper
A9: Mo_mol | D9: institution
A10: Fe_mol | D10: year
A11: W_mol | D11: element_wt
A12: Co_mol | D12: id_material
A13: Mn_mol | D13: element_mol
A14: Al_mol | D14: beam_energy | E14: MeV
A15: Ti_mol | D15: dive_time
A16: Si_mol2 | D16: euf3 | E16: wt%
A17: C_mol | D17: length_a_sample
A18: Cu_mol | D18: length_b_sample
A19: Nb_mol | D19: molten_salt
A20: V_mol | D20: ms_purified
A21: P_mol | D21: radiation_exposure
A22: S_mol | D22: temperature | E22: °C
A23: B_mol | D23: test_condition
A24: Mg_mol | D24: thickness_sample
A25: Sn_mol | D25: average_normalized_corrosion_depth
A26: Zr_mol | D26: corrosion_class
A27: O_mol | D27: max_depth_selective_diss | E27: Max depth of selective Cr dissolution from SEM/EDS analyses (µm)
A28: N_mol | D28: sem_um_y
A29: Y_mol | D29: weight_loss | E29: weight change (mg cm-2) (- = mass loss)**
A30: H_mol | D30: C0_Cr
A31: Ellingham ∆G [kcal/gfw] of material (approx. With Ni-Cr-Mo-Fe-W-Co-Mn-Al-Ti potential weighted by mol%) | D31: density | E31: del materiale
A32: Ellingham ∆G [kcal/gfw] of crucible (approx. With Ni-Cr-Mo-Fe-W-Co-Mn-Al-Ti potential weighted by mol%) | D32: element_ppmw impurity pre
A33: length_a_sample | D33: note
A34: length_b_sample | D34: reliability | E34: corrosion class | F34: da verificare
A35: thickness_sample
A36: molten_salt
A37: ms_purified
A38: Residual Moisture wt.%
A39: euf3
A40: Fe_ppmw impurity pre
A41: S_ppmw impurity pre
A42: P_ppmw impurity pre
A43: Ca_ppmw impurity pre
A44: Al_ppmw impurity pre
A45: Ni_ppmw impurity pre
A46: Cr_ppmw impurity pre
... A85: Unique ID

Sheet Ellingham diagram linear coeffi
K2: https://doi.org/10.1016/j.corsci.2018.08.035
K3: https://enispa.sharepoint.com/sites/Venicelaboratories-FLiNaKandFLiBecorrosion/Documenti%20condivisi/FLiNaK%20and%20FLiBe%20corrosion/2023-09-AI%20for%20Fusion%20Material(s).pdf
K4: ELLINGHAM DIAGRAM REDUCTION POTENTIAL [V] LINEAR COEFFICIENTS
K6: Element | L6: ID | M6: Linear coefficien [m] | N6: Linear intercept [q] | O6: Validity condition
K7: Ni | L7: Ni-NiF2 | M7: 2e-05 | N7: -3.073852
K8: Cr | L8: Cr_x0002_CrF2[lower] | M8: -7.9e-05 | N8: -3.881452 | O8: Lower
K9: Cr | L9: Cr_x0002_CrF3[upper] | M9: 0.000259 | N9: -3.720559 | O9: Upper
K10: Mo | L10: Mo_x0002_MoF5[lower] | M10: 0.00012 | N10: -2.518298 | O10: Lower
K11: Mo | L11: Mo_x0002_MoF6[upper] | M11: 0.000279 | N11: -2.605788 | O11: Upper
K12: Fe | L12: Fe_x0002_FeF2[lower] | M12: -0.00012 | N12: -3.416168 | O12: Lower
K13: Fe | L13: Fe_x0002_FeF3[upper] | M13: 0.00028 | N13: -3.306949 | O13: Upper
K14: W | L14: W-WF6 | M14: 0.000319 | N14: -2.897206
K15: Co | L15: Co-CoF2 | M15: -6e-05 | N15: -3.209408
K16: Mn | L16: Mn-MnF2 | M16: -2e-05 | N16: -4.273367
K17: Al | L17: Al-AlF3 | M17: 0.000459 | N17: -4.872255
K18: Ti | L18: Ti-TiF4 | M18: 0.000399 | N18: -4.120758
K19: Zr | L19: Zr-ZrF4 | M19: 0.000401 | N19: -4.66095
K20: Be | L20: Be_x0002_BeF2[FliBe] | M20: 0.000619 | N20: -5.097804 | O20: FliBe
K21: Eu3+ | L21: Eu3+- Eu2+[0.005] | M21: 0.000722 | N21: -4.67472 | O21: 0.005
K22: Eu3+ | L22: Eu3+- Eu2+[0.05] | M22: 0.000956 | N22: -4.651249 | O22: 0.05
K23: HF | L23: HF-H2 | M23: -0.00082 | N23: -3.091411
K24: K | L24: K_x0002_KF[FliNaK] | M24: 0.000741 | N24: -5.422714 | O24: FliNaK
K25: Li | L25: Li_x0002_LiF[FliBe] | M25: 0.000619 | N25: -6.025948 | O25: FliBe
K26: Li | L26: Li_x0002_LiF[FliNaK] | M26: 0.000701 | N26: -5.939593 | O26: FliNaK
K27: Li | L27: Li-LiF[LiF_x0002_CaF2] | M27: 0.000741 | N27: -5.91972 | O27: LiF-CaF2
K28: Na | L28: Na_x0002_NaF[FliNaK] | M28: 0.000661 | N28: -5.486413 | O28: FliNaK
E30: https://enispa.sharepoint.com/sites/Venicelaboratories-FLiNaKandFLiBecorrosion/Documenti%20condivisi/FLiNaK%20and%20FLiBe%20corrosion/Diagrammi%20dei%20potenziali%20di%20Ellingham%20Delta_G.pdf
E31: ELLINGHAM DIAGRAM GIBBS FREE ENERGY [kcal/gfw] DATA POINTS FOR LINEAR COEFFICIENTS | K31: ELLINGHAM DIAGRAM GIBBS FREE ENERGY [kcal/gfw] LINEAR COEFFICIENTS
AC32: ELLINGHAM DIAGRAM GIBBS FREE ENERGY [kcal/gfw] DATA POINTS FOR LINEAR COEFFICIENTS
E33: Element | F33: ID | G33: point 1 or 2 | H33: X | I33: Y | K33: Element | L33: ID | M33: Linear coefficien [m] | N33: Linear intercept [q] | O33: n
D34: 4 | E34: Si | F34: Si-SiF4 | G34: 1 | H34: 0 | I34: -185.39 | K34: Si | L34: Si-SiF4 | M34: =(I35-I34)/(H35-H34) -> 0.016836277 | N34: =(I34*H35-I35*H34)/(H35-H34) -> -185.39 | O34: 4 | AC34: Element | AD34: ID | AE34: point 1 or 2 | AF34: X | AG34: Y
G35: 2 | H35: 1683.27 | I35: -157.05 | K35: C | L35: C-CF4 | M35: =(I37-I36)/(H37-H36) -> 0.018075 | N35: =(I36*H37-I37*H36)/(H37-H36) -> -81.13 | O35: 4 | AC35: Si | AD35: Si-SiF4 | AE35: 1 | AF35: 0 | AG35: -184.65
D36: 1 | E36: C | F36: C-CF4 | G36: 1 | H36: 0 | I36: -81.13 | K36: Cu | L36: Cu-CuF2 | M36: =(I39-I38)/(H39-H38) -> 0.031766667 | N36: =(I38*H39-I39*H38)/(H39-H38) -> -127 | O36: 2 | AE36: 2 | AF36: 2400 | AG36: -142.4
G37: 2 | H37: 2400 | I37: -37.75 | K37: Nb | L37: Nb-NbF5 | M37: =(I41-I40)/(H41-H40) -> 0.021410506 | N37: =(I40*H41-I41*H40)/(H41-H40) -> -167.17521 | O37: 5 | AC37: C | AD37: C-CF4 | AE37: 1 | AF37: 0 | AG37: -81.74
D38: 2 | E38: Cu | F38: Cu-CuF2 | G38: 1 | H38: 0 | I38: -127 | K38: V | L38: V-VF3 | M38: =(I43-I42)/(H43-H42) -> 0.037427694 | N38: =(I42*H43-I43*H42)/(H43-H42) -> -189.94 | O38: 3 | AE38: 2 | AF38: 2400 | AG38: -36
G39: 2 | H39: 1200 | I39: -88.88 | K39: P | L39: P-PF3 | O39: 3 | AC39: Cu | AD39: Cu-CuF2 | AE39: 1 | AF39: 0 | AG39: -127.6
D40: 3 | E40: Nb | F40: Nb-NbF5 | G40: 1 | H40: 506.07 | I40: -156.34 | K40: S | L40: S-SF6 | M40: =(I47-I46)/(H47-H46) -> 0.033278195 | N40: =(I46*H47-I47*H46)/(H47-H46) -> -86.61 | O40: 6 | AE40: 2 | AF40: 1203.91 | AG40: -89.56
G41: 2 | H41: 2400 | I41: -115.79 | K41: B | L41: B-BF3 | M41: =(I49-I48)/(H49-H48) -> 0.0099782609 | N41: =(I48*H49-I49*H48)/(H49-H48) -> -183 | O41: 3 | AC41: Nb | AD41: Nb-NbF5 | AE41: 1 | AF41: 504.9 | AG41: -163.98
D42: 5 | E42: V | F42: V-VF3 | G42: 1 | H42: 0 | I42: -189.94 | K42: Mg | L42: Mg-MgF2 | M42: =(I51-I50)/(H51-H50) -> 0.03612228 | N42: =(I50*H51-I51*H50)/(H51-H50) -> -257.347 | O42: 2 | AE42: 2 | AF42: 2400 | AG42: -125.7
G43: 2 | H43: 1400.3 | I43: -137.53 | K43: Y | L43: Y-YF3 | M43: =(I53-I52)/(H53-H52) -> 0.034065312 | N43: =(I52*H53-I53*H52)/(H53-H52) -> -264.58 | O43: 3 | AC43: V | AD43: V-VF3 | AE43: 1 | AF43: 0 | AG43: -189.6
D44: 3 | E44: P | F44: P-PF3 | G44: 1 | J44: fuori intervallo | K44: Ni | L44: Ni-NiF2 | M44: =(I55-I54)/(H55-H54) -> 0.035783333 | N44: =(I54*H55-I55*H54)/(H55-H54) -> -156.5 | O44: 2 | AE44: 2 | AF44: 1400 | AG44: -137.55
G45: 2 | K45: Mn | L45: Mn-MnF2 | M45: =(I57-I56)/(H57-H56) -> 0.032563825 | N45: =(I56*H57-I57*H56)/(H57-H56) -> -189.58 | O45: 2 | AC45: P | AD45: P-PF3 | AE45: 1
D46: 4 | E46: S | F46: S-SF6 | G46: 1 | H46: 0 | I46: -86.61 | AE46: 2
G47: 2 | H47: 2001.01 | I47: -20.02 | AC47: S | AD47: S-SF6 | AE47: 1 | AF47: 0 | AG47: -86.44
D48: 1 | E48: B | F48: B-BF3 | G48: 1 | H48: 0 | I48: -183 | AE48: 2 | AF48: 1988.38 | AG48: -20.31
G49: 2 | H49: 2300 | I49: -160.05 | AC49: B | AD49: B-BF3 | AE49: 1 | AF49: 0 | AG49: -183.51
D50: 3 | E50: Mg | F50: Mg-MgF2 | G50: 1 | H50: 923.17 | I50: -224 | AE50: 2 | AF50: 2400 | AG50: -158.68
G51: 2 | H51: 1393.24 | I51: -207.02 | AC51: Mg | AD51: Mg-MgF2 | AE51: 1 | AF51: 0 | AG51: -262.58
D52: 5 | E52: Y | F52: Y-YF3 | G52: 1 | H52: 0 | I52: -264.58 | M52: -0,1694850127269092; -189,58051420838976 | AE52: 2 | AF52: 1390 | AG52: -206.31
G53: 2 | H53: 1660.34 | I53: -208.02 | M53: 1128,8608121641496; -152,8191249436175 | AC53: Y | AD53: Y-YF3 | AE53: 1 | AF53: 0 | AG53: -264.37
D54: 3 | E54: Ni | F54: Ni-NiF2 | G54: 1 | H54: 0 | I54: -156.5 | AE54: 2 | AF54: 1655.36 | AG54: -207.55
G55: 2 | H55: 1200 | I55: -113.56 | AC55: Ni | AD55: Ni-NiF2 | AE55: 1 | AF55: 0 | AG55: -156.45
D56: 3 | E56: Mn | F56: Mn-MnF1 | G56: 1 | H56: 0 | I56: -189.58 | AE56: 2 | AF56: 1197.84 | AG56: -114.07
G57: 2 | H57: 1128.86 | I57: -152.82

Sheet ∆G Ellingham Diagram coeff.
E4: ELLINGHAM DIAGRAM GIBBS FREE ENERGY [kcal/gfw] LINEAR COEFFICIENTS
E6: Element | F6: ID | G6: Linear coefficien [m] | H6: Linear intercept [q] | I6: n
E7: Ni | F7: Ni-NiF2 | G7: =(I56-I55)/(H56-H55) -> 0.03574835 | H7: =(I55*H56-I56*H55)/(H56-H55) -> -156.53674 | I7: 2
E8: Cr | F8: Cr-CrF3 | G8: =(I48-I47)/(H48-H47) -> 0.034303053 | H8: =(I47*H48-I48*H47)/(H48-H47) -> -183.12224 | I8: 3
E9: Mo | F9: Mo-MoF6 | G9: =(I60-I59)/(H60-H59) -> 0.019623591 | H9: =(I59*H60-I60*H59)/(H60-H59) -> -134.05365 | I9: 6
E10: Fe | F10: Fe-FeF2 | G10: =(I50-I49)/(H50-H49) -> 0.031926827 | H10: =(I49*H50-I50*H49)/(H50-H49) -> -167.09965 | I10: 2
E11: W | F11: W-WF6 | I11: 6
E12: Co | F12: Co-CoF2 | G12: =(I46-I45)/(H46-H45) -> 0.033738355 | H12: =(I45*H46-I46*H45)/(H46-H45) -> -158.01839 | I12: 2
E13: Mn | F13: Mn-MnF2 | G13: =(I58-I57)/(H58-H57) -> 0.032513859 | H13: =(I57*H58-I58*H57)/(H58-H57) -> -189.5413 | I13: 2
E14: Al | F14: Al-AlF3 | G14: =(I42-I41)/(H42-H41) -> 0.040663111 | H14: =(I41*H42-I42*H41)/(H42-H41) -> -218.83548 | I14: 3
E15: Ti | F15: Ti-TiF4 | G15: =(I66-I65)/(H66-H65) -> 0.012211537 | H15: =(I65*H66-I66*H65)/(H66-H65) -> -173.76612 | I15: 4
E16: Si | F16: Si-SiF4 | G16: =(I64-I63)/(H64-H63) -> 0.016867496 | H16: =(I63*H64-I64*H63)/(H64-H63) -> -185.44799 | I16: 4
E17: C | F17: C-CF4 | G17: =(I38-I37)/(H38-H37) -> 0.018052809 | H17: =(I37*H38-I38*H37)/(H38-H37) -> -81.097763 | I17: 4
E18: Cu | F18: Cu-CuF2 | G18: =(I44-I43)/(H44-H43) -> 0.031636051 | H18: =(I43*H44-I44*H43)/(H44-H43) -> -127.00677 | I18: 2
E19: Nb | F19: Nb-NbF5 | G19: =(I52-I51)/(H52-H51) -> 0.021402179 | H19: =(I51*H52-I52*H51)/(H52-H51) -> -167.24076 | I19: 5
E20: V | F20: V-VF3 | G20: =(I72-I71)/(H72-H71) -> 0.037455444 | H20: =(I71*H72-I72*H71)/(H72-H71) -> -189.98087 | I20: 3
E21: P | F21: P-PF3 | I21: 3
E22: S | F22: S-SF6 | G22: =(I70-I69)/(H70-H69) -> 0.033297209 | H22: =(I69*H70-I70*H69)/(H70-H69) -> -86.635598 | I22: 6
E23: B | F23: B-BF3 | G23: =(I40-I39)/(H40-H39) -> 0.010000601 | H23: =(I39*H40-I40*H39)/(H40-H39) -> -182.94135 | I23: 3
E24: Mg | F24: Mg-MgF2 | G24: =(I54-I53)/(H54-H53) -> 0.036130265 | H24: =(I53*H54-I54*H53)/(H54-H53) -> -257.40986 | I24: 2
E25: Sn | F25: Sn-SnF4 | I25: 4
E26: Zr | F26: Zr-ZrF4 | G26: =(I78-I77)/(H78-H77) -> 0.034329594 | H26: =(I77*H78-I78*H77)/(H78-H77) -> -222.46645 | I26: 4
E27: Y | F27: Y-YF3 | G27: =(I74-I73)/(H74-H73) -> 0.034089493 | H27: =(I73*H74-I74*H73)/(H74-H73) -> -264.64924 | I27: 3
D33: https://enispa.sharepoint.com/sites/Venicelaboratories-FLiNaKandFLiBecorrosion/Documenti%20condivisi/FLiNaK%20and%20FLiBe%20corrosion/Diagrammi%20dei%20potenziali%20di%20Ellingham%20Delta_G.pdf
D34: ELLINGHAM DIAGRAM GIBBS FREE ENERGY [kcal/gfw] DATA POINTS FOR LINEAR COEFFICIENTS
D36: Ellingham Diagram fir Selected Fluorides: Part-X | E36: Element | F36: ID | G36: point 1 or 2 | H36: X | I36: Y
D37: 1 | E37: C | F37: C-CF4 | G37: 1 | H37: -0.19193858 | I37: -81.101228
G38: 2 | H38: 2400.9597 | I38: -37.753696
D39: 1 | E39: B | F39: B-BF3 | G39: 1 | H39: 1.7274472 | I39: -182.92408
G40: 2 | H40: 2300.5118 | I40: -159.93485
D41: 1 | E41: Al | F41: Al-AlF3 | G41: 1 | H41: 931.66987 | I41: -180.95089
G42: 2 | H42: 1545.5534 | I42: -155.98847
D43: 2 | E43: Cu | F43: Cu-CuF2 | G43: 1 | H43: 1.4643803 | I43: -126.96045
G44: 2 | H44: 1200.065 | I44: -89.041454
D45: 2 | E45: Co | F45: Co-CoF2 | G45: 1 | H45: -0.48850539 | I45: -158.03487
G46: 2 | H46: 1475.2078 | I46: -108.2473
D47: 2 | E47: Cr | F47: Cr-CrF3 | G47: 1 | H47: 206.18472 | I47: -176.04947
G48: 2 | H48: 1372.7919 | I48: -136.03128
D49: 2 | E49: Fe | F49: Fe-FeF2 | G49: 1 | H49: 2.0978132 | I49: -167.03268
G50: 2 | H50: 1373.525 | I50: -123.24736
D51: 3 | E51: Nb | F51: Nb-NbF5 | G51: 1 | H51: 505.93824 | I51: -156.41258
G52: 2 | H52: 2410.4339 | I52: -115.65222
D53: 3 | E53: Mg | F53: Mg-MgF2 | G53: 1 | H53: 923.35479 | I53: -224.04881
G54: 2 | H54: 1393.9674 | I54: -207.04545
D55: 3 | E55: Ni | F55: Ni-NiF2 | G55: 1 | H55: 0.15299251 | I55: -156.53127
G56: 2 | H56: 1200.1987 | I56: -113.63162
D57: 3 | E57: Mn | F57: Mn-MnF1 | G57: 1 | H57: -0.2021305 | I57: -189.54787
G58: 2 | H58: 1129.4558 | I58: -152.81833
D59: 3 | E59: Mo | F59: Mo-MoF6 | G59: 1 | H59: 308.58118 | I59: -127.99818
G60: 2 | H60: 2409.5049 | I60: -86.770511
D61: 3 | E61: P | F61: P-PF3 | G61: 1
G62: 2
D63: 4 | E63: Si | F63: Si-SiF4 | G63: 1 | H63: 0 | I63: -185.44799
G64: 2 | H64: 1682.5787 | I64: -157.0671
D65: 4 | E65: Ti | F65: Ti-TiF4 | G65: 1 | H65: 556.71527 | I65: -166.96777
G66: 2 | H66: 1939.5242 | I66: -150.08155
D67: 4 | E67: Sn | F67: Sn-SnF4 | G67: 1
G68: 2
D69: 4 | E69: S | F69: S-SF6 | G69: 1 | H69: 0 | I69: -86.635598
G70: 2 | H70: 1999.386 | I70: -20.061624
D71: 5 | E71: V | F71: V-VF3 | G71: 1 | H71: -0.24307049 | I71: -189.98997
G72: 2 | H72: 1399.984 | I72: -137.54385
D73: 5 | E73: Y | F73: Y-YF3 | G73: 1 | H73: 1.5805593 | I73: -264.59536
G74: 2 | H74: 1660.1208 | I74: -208.05657
D75: 5 | E75: W | F75: W-WF6 | G75: 1
G76: 2
D77: 5 | E77: Zr | F77: Zr-ZrF4 | G77: 1 | H77: 0.099199689 | I77: -222.46304
G78: 2 | H78: 1175.3947 | I78: -182.11563

Sheet Corrosion dataset
A1: id_test_code | B1: Column1 | C1: institution | D1: year | E1: author | F1: id_paper | G1: test_condition | H1: Experimental Velocity [cm/s] | I1: temperature | J1: dive_time | K1: crucible | L1: id_material | M1: Plating | N1: density [g/m^3] | O1: Ni_wt | P1: Cr_wt | Q1: Mo_wt | R1: Fe_wt | S1: W_wt | T1: Co_wt | U1: Mn_wt | V1: Al_wt | W1: Ti_wt | X1: Si_wt | Y1: C_wt | Z1: Cu_wt | AA1: Nb_wt | AB1: V_wt | AC1: P_wt | AD1: S_wt | AE1: B_wt | AF1: Mg weight | AG1: Sn_wt | AH1: Zr_wt | AI1: O_wt | AJ1: N_wt | AK1: Y_wt | AL1: H_wt | AM1: Ni_mol | AN1: Cr_mol | AO1: Mo_mol | AP1: Fe_mol | AQ1: W_mol | AR1: Co_mol | AS1: Mn_mol | AT1: Al_mol | AU1: Ti_mol | AV1: Si_mol2 | AW1: C_mol | AX1: Cu_mol | AY1: Nb_mol | AZ1: V_mol | BA1: P_mol | BB1: S_mol | BC1: B_mol | BD1: Mg_mol | BE1: Sn_mol | BF1: Zr_mol | BG1: O_mol | BH1: N_mol | BI1: Y_mol | BJ1: H_mol | BK1: Ellingham ∆G [kcal/gfw] of material (approx. With Ni-Cr-Mo-Fe-W-Co-Mn-Al-Ti potential weighted by mol%) | BL1: Ellingham ∆G [kcal/gfw] of crucible (approx. With Ni-Cr-Mo-Fe-W-Co-Mn-Al-Ti potential weighted by mol%) | BM1: length_a_sample | BN1: length_b_sample | BO1: thickness_sample | BP1: molten_salt | BQ1: Salt Provenience | BR1: ms_purified | BS1: Residual Moisture wt.% | BT1: euf3 | BU1: Fe_ppmw impurity pre | BV1: S_ppmw impurity pre | BW1: P_ppmw impurity pre | BX1: Ca_ppmw impurity pre | BY1: Al_ppmw impurity pre | BZ1: Ni_ppmw impurity pre | CA1: Cr_ppmw impurity pre | CB1: Ti_ppmw impurity pre | CC1: Mo_ppmw impurity pre | CD1: Mg_ppmw impurity pre2 | CE1: Mn_ppmw impurity pre | CF1: Zn_ppmw impurity pre | CG1: HF_ppmw impurity pre | CH1: Zr_ppmw impurity pre | CI1: C_ppmw impurity pre | CJ1: W_ppmw impurity pre | CK1: Cu_ppmw impurity pre | CL1: Si_ppmw impurity pre | CM1: O2-_ppmw impurity pre | CN1: Te_ppmw impurity pre | CO1: Residual Moisture wt.% after | CP1: Fe_ppmw impurity after | CQ1: S_ppmw impurity after | CR1: P_ppmw impurity after | CS1: Ca_ppmw impurity after | CT1: Al_ppmw impurity after | CU1: Ni_ppmw impurity after | CV1: Cr_ppmw impurity after | CW1: Ti_ppmw impurity after | CX1: Mo_ppmw impurity after | CY1: Mg_ppmw impurity after | CZ1: Mn_ppmw impurity after | DA1: Zn_ppmw impurity after | DB1: HF_ppmw impurity after | DC1: Zr_ppmw impurity after | DD1: C_ppmw impurity after | DE1: W_ppmw impurity after | DF1: Cu_ppmw impurity after | DG1: Si_ppmw impurity after | DH1: O2-_ppmw impurity after | DI1: Te_ppmw impurity after | DJ1: radiation_exposure | DK1: beam_energy | DL1: Beam Current density[uA/cm^2] | DM1: max_depth_selective_diss [um] | DN1: sem_um_y | DO1: weight_loss [mg/cm^2] | DP1: average_normalized_corrosion_depth | DQ1: C0_Cr | DR1: corrosion_class | DS1: reliability | DT1: Link To Paper | DU1: note | DW1: Somma composizione massa | DY1: Somma composizione moli
A2: A0316 L SS2015Zheng | B2: 0 | C2: University of Wisconsin Madison | D2: 2018 | E2: Zheng | F2: A0 | G2: static | H2: 0 | I2: 700 | J2: 1000 | K2: 316 L SS | L2: 316 L SS | N2: 7980000 | O2: 10.025 | P2: 16.825 | Q2: 2.0115 | R2: =100-SUM(_2025_01_07T12_47_export3[[#This Row],[Ni_wt]:[Mo_wt]],_2025_01_07T12_47_export3[[#This Row],[W_wt]:[H_wt]]) -> 68.6109 | U2: 1.5305 | X2: 0.309 | Y2: 0.225 | Z2: 0.3795 | AC2: 0.031 | AD2: 0.0016 | AJ2: 0.051 | AM2: =100*(O2/BD$343)/($O2/$BD$343+$P2/$BD$344+$Q2/$BD$346+$R2/$BD$348+$S2/$BD$350+$T2/$BD$351+$U2/$BD$352+$V2/$BD$353+$W2/$BD$354+$X2/$BD$359+$Y2/$BD$360+$Z2/$BD$361+$AA2/$BD$362+$AB2/$BD$363+$AC2/$BD$364+$AD2/$BD$365+$AE2/$BD$366+$AF2/$BD$367+$AG2/$BD$369+$AH2/$BD$355+$AI2/$BD$356+$AJ2/$BD$357+$AK2/$BD$368+$AL2/$BD$358) -> 9.4263736 | AN2: =100*(P2/BD$344)/($O2/$BD$343+$P2/$BD$344+$Q2/$BD$346+$R2/$BD$348+$S2/$BD$350+$T2/$BD$351+$U2/$BD$352+$V2/$BD$353+$W2/$BD$354+$X2/$BD$359+$Y2/$BD$360+$Z2/$BD$361+$AA2/$BD$362+$AB2/$BD$363+$AC2/$BD$364+$AD2/$BD$365+$AE2/$BD$366+$AF2/$BD$367+$AG2/$BD$369+$AH2/$BD$355+$AI2/$BD$356+$AJ2/$BD$357+$AK2/$BD$368+$AL2/$BD$358) -> 17.855668 | AO2: =100*(Q2/BD$346)/($O2/$BD$343+$P2/$BD$344+$Q2/$BD$346+$R2/$BD$348+$S2/$BD$350+$T2/$BD$351+$U2/$BD$352+$V2/$BD$353+$W2/$BD$354+$X2/$BD$359+$Y2/$BD$360+$Z2/$BD$361+$AA2/$BD$362+$AB2/$BD$363+$AC2/$BD$364+$AD2/$BD$365+$AE2/$BD$366+$AF2/$BD$367+$AG2/$BD$369+$AH2/$BD$355+$AI2/$BD$356+$AJ2/$BD$357+$AK2/$BD$368+$AL2/$BD$358) -> 1.1567891 | AP2: =100*(R2/BD$348)/($O2/$BD$343+$P2/$BD$344+$Q2/$BD$346+$R2/$BD$348+$S2/$BD$350+$T2/$BD$351+$U2/$BD$352+$V2/$BD$353+$W2/$BD$354+$X2/$BD$359+$Y2/$BD$360+$Z2/$BD$361+$AA2/$BD$362+$AB2/$BD$363+$AC2/$BD$364+$AD2/$BD$365+$AE2/$BD$366+$AF2/$BD$367+$AG2/$BD$369+$AH2/$BD$355+$AI2/$BD$356+$AJ2/$BD$357+$AK2/$BD$368+$AL2/$BD$358) -> 67.794477 | AQ2: =100*(S2/BD$350)/($O2/$BD$343+$P2/$BD$344+$Q2/$BD$346+$R2/$BD$348+$S2/$BD$350+$T2/$BD$351+$U2/$BD$352+$V2/$BD$353+$W2/$BD$354+$X2/$BD$359+$Y2/$BD$360+$Z2/$BD$361+$AA2/$BD$362+$AB2/$BD$363+$AC2/$BD$364+$AD2/$BD$365+$AE2/$BD$366+$AF2/$BD$367+$AG2/$BD$369+$AH2/$BD$355+$AI2/$BD$356+$AJ2/$BD$357+$AK2/$BD$368+$AL2/$BD$358) -> 0 | AR2: =100*(T2/BD$351)/($O2/$BD$343+$P2/$BD$344+$Q2/$BD$346+$R2/$BD$348+$S2/$BD$350+$T2/$BD$351+$U2/$BD$352+$V2/$BD$353+$W2/$BD$354+$X2/$BD$359+$Y2/$BD$360+$Z2/$BD$361+$AA2/$BD$362+$AB2/$BD$363+$AC2/$BD$364+$AD2/$BD$365+$AE2/$BD$366+$AF2/$BD$367+$AG2/$BD$369+$AH2/$BD$355+$AI2/$BD$356+$AJ2/$BD$357+$AK2/$BD$368+$AL2/$BD$358) -> 0 | AS2: =100*(U2/BD$352)/($O2/$BD$343+$P2/$BD$344+$Q2/$BD$346+$R2/$BD$348+$S2/$BD$350+$T2/$BD$351+$U2/$BD$352+$V2/$BD$353+$W2/$BD$354+$X2/$BD$359+$Y2/$BD$360+$Z2/$BD$361+$AA2/$BD$362+$AB2/$BD$363+$AC2/$BD$364+$AD2/$BD$365+$AE2/$BD$366+$AF2/$BD$367+$AG2/$BD$369+$AH2/$BD$355+$AI2/$BD$356+$AJ2/$BD$357+$AK2/$BD$368+$AL2/$BD$358) -> 1.5373369 | AT2: =100*(V2/BD$353)/($O2/$BD$343+$P2/$BD$344+$Q2/$BD$346+$R2/$BD$348+$S2/$BD$350+$T2/$BD$351+$U2/$BD$352+$V2/$BD$353+$W2/$BD$354+$X2/$BD$359+$Y2/$BD$360+$Z2/$BD$361+$AA2/$BD$362+$AB2/$BD$363+$AC2/$BD$364+$AD2/$BD$365+$AE2/$BD$366+$AF2/$BD$367+$AG2/$BD$369+$AH2/$BD$355+$AI2/$BD$356+$AJ2/$BD$357+$AK2/$BD$368+$AL2/$BD$358) -> 0 | AU2: =100*(W2/BD$354)/($O2/$BD$343+$P2/$BD$344+$Q2/$BD$346+$R2/$BD$348+$S2/$BD$350+$T2/$BD$351+$U2/$BD$352+$V2/$BD$353+$W2/$BD$354+$X2/$BD$359+$Y2/$BD$360+$Z2/$BD$361+$AA2/$BD$362+$AB2/$BD$363+$AC2/$BD$364+$AD2/$BD$365+$AE2/$BD$366+$AF2/$BD$367+$AG2/$BD$369+$AH2/$BD$355+$AI2/$BD$356+$AJ2/$BD$357+$AK2/$BD$368+$AL2/$BD$358) -> 0 | AV2: =100*(X2/BD$359)/($O2/$BD$343+$P2/$BD$344+$Q2/$BD$346+$R2/$BD$348+$S2/$BD$350+$T2/$BD$351+$U2/$BD$352+$V2/$BD$353+$W2/$BD$354+$X2/$BD$359+$Y2/$BD$360+$Z2/$BD$361+$AA2/$BD$362+$AB2/$BD$363+$AC2/$BD$364+$AD2/$BD$365+$AE2/$BD$366+$AF2/$BD$367+$AG2/$BD$369+$AH2/$BD$355+$AI2/$BD$356+$AJ2/$BD$357+$AK2/$BD$368+$AL2/$BD$358) -> 0.6070593 | AW2: =100*(Y2/BD$360)/($O2/$BD$343+$P2/$BD$344+$Q2/$BD$346+$R2/$BD$348+$S2/$BD$350+$T2/$BD$351+$U2/$BD$352+$V2/$BD$353+$W2/$BD$354+$X2/$BD$359+$Y2/$BD$360+$Z2/$BD$361+$AA2/$BD$362+$AB2/$BD$363+$AC2/$BD$364+$AD2/$BD$365+$AE2/$BD$366+$AF2/$BD$367+$AG2/$BD$369+$AH2/$BD$355+$AI2/$BD$356+$AJ2/$BD$357+$AK2/$BD$368+$AL2/$BD$358) -> 1.0338651 | AX2: =100*(Z2/BD$361)/($O2/$BD$343+$P2/$BD$344+$Q2/$BD$346+$R2/$BD$348+$S2/$BD$350+$T2/$BD$351+$U2/$BD$352+$V2/$BD$353+$W2/$BD$354+$X2/$BD$359+$Y2/$BD$360+$Z2/$BD$361+$AA2/$BD$362+$AB2/$BD$363+$AC2/$BD$364+$AD2/$BD$365+$AE2/$BD$366+$AF2/$BD$367+$AG2/$BD$369+$AH2/$BD$355+$AI2/$BD$356+$AJ2/$BD$357+$AK2/$BD$368+$AL2/$BD$358) -> 0.32954946 | AY2: =100*(AA2/BD$362)/($O2/$BD$343+$P2/$BD$344+$Q2/$BD$346+$R2/$BD$348+$S2/$BD$350+$T2/$BD$351+$U2/$BD$352+$V2/$BD$353+$W2/$BD$354+$X2/$BD$359+$Y2/$BD$360+$Z2/$BD$361+$AA2/$BD$362+$AB2/$BD$363+$AC2/$BD$364+$AD2/$BD$365+$AE2/$BD$366+$AF2/$BD$367+$AG2/$BD$369+$AH2/$BD$355+$AI2/$BD$356+$AJ2/$BD$357+$AK2/$BD$368+$AL2/$BD$358) -> 0 | AZ2: =100*(AB2/BD$363)/($O2/$BD$343+$P2/$BD$344+$Q2/$BD$346+$R2/$BD$348+$S2/$BD$350+$T2/$BD$351+$U2/$BD$352+$V2/$BD$353+$W2/$BD$354+$X2/$BD$359+$Y2/$BD$360+$Z2/$BD$361+$AA2/$BD$362+$AB2/$BD$363+$AC2/$BD$364+$AD2/$BD$365+$AE2/$BD$366+$AF2/$BD$367+$AG2/$BD$369+$AH2/$BD$355+$AI2/$BD$356+$AJ2/$BD$357+$AK2/$BD$368+$AL2/$BD$358) -> 0 | BA2: =100*(AC2/BD$364)/($O2/$BD$343+$P2/$BD$344+$Q2/$BD$346+$R2/$BD$348+$S2/$BD$350+$T2/$BD$351+$U2/$BD$352+$V2/$BD$353+$W2/$BD$354+$X2/$BD$359+$Y2/$BD$360+$Z2/$BD$361+$AA2/$BD$362+$AB2/$BD$363+$AC2/$BD$364+$AD2/$BD$365+$AE2/$BD$366+$AF2/$BD$367+$AG2/$BD$369+$AH2/$BD$355+$AI2/$BD$356+$AJ2/$BD$357+$AK2/$BD$368+$AL2/$BD$358) -> 0.05523888 | BB2: =100*(AD2/BD$365)/($O2/$BD$343+$P2/$BD$344+$Q2/$BD$346+$R2/$BD$348+$S2/$BD$350+$T2/$BD$351+$U2/$BD$352+$V2/$BD$353+$W2/$BD$354+$X2/$BD$359+$Y2/$BD$360+$Z2/$BD$361+$AA2/$BD$362+$AB2/$BD$363+$AC2/$BD$364+$AD2/$BD$365+$AE2/$BD$366+$AF2/$BD$367+$AG2/$BD$369+$AH2/$BD$355+$AI2/$BD$356+$AJ2/$BD$357+$AK2/$BD$368+$AL2/$BD$358) -> 0.0027532484 | BC2: =100*(AE2/BD$366)/($O2/$BD$343+$P2/$BD$344+$Q2/$BD$346+$R2/$BD$348+$S2/$BD$350+$T2/$BD$351+$U2/$BD$352+$V2/$BD$353+$W2/$BD$354+$X2/$BD$359+$Y2/$BD$360+$Z2/$BD$361+$AA2/$BD$362+$AB2/$BD$363+$AC2/$BD$364+$AD2/$BD$365+$AE2/$BD$366+$AF2/$BD$367+$AG2/$BD$369+$AH2/$BD$355+$AI2/$BD$356+$AJ2/$BD$357+$AK2/$BD$368+$AL2/$BD$358) -> 0 | BD2: =100*(AF2/BD$367)/($O2/$BD$343+$P2/$BD$344+$Q2/$BD$346+$R2/$BD$348+$S2/$BD$350+$T2/$BD$351+$U2/$BD$352+$V2/$BD$353+$W2/$BD$354+$X2/$BD$359+$Y2/$BD$360+$Z2/$BD$361+$AA2/$BD$362+$AB2/$BD$363+$AC2/$BD$364+$AD2/$BD$365+$AE2/$BD$366+$AF2/$BD$367+$AG2/$BD$369+$AH2/$BD$355+$AI2/$BD$356+$AJ2/$BD$357+$AK2/$BD$368+$AL2/$BD$358) -> 0 | BE2: =100*(AG2/BD$369)/($O2/$BD$343+$P2/$BD$344+$Q2/$BD$346+$R2/$BD$348+$S2/$BD$350+$T2/$BD$351+$U2/$BD$352+$V2/$BD$353+$W2/$BD$354+$X2/$BD$359+$Y2/$BD$360+$Z2/$BD$361+$AA2/$BD$362+$AB2/$BD$363+$AC2/$BD$364+$AD2/$BD$365+$AE2/$BD$366+$AF2/$BD$367+$AG2/$BD$369+$AH2/$BD$355+$AI2/$BD$356+$AJ2/$BD$357+$AK2/$BD$368+$AL2/$BD$358) -> 0 | BF2: =100*(AH2/BD$355)/($O2/$BD$343+$P2/$BD$344+$Q2/$BD$346+$R2/$BD$348+$S2/$BD$350+$T2/$BD$351+$U2/$BD$352+$V2/$BD$353+$W2/$BD$354+$X2/$BD$359+$Y2/$BD$360+$Z2/$BD$361+$AA2/$BD$362+$AB2/$BD$363+$AC2/$BD$364+$AD2/$BD$365+$AE2/$BD$366+$AF2/$BD$367+$AG2/$BD$369+$AH2/$BD$355+$AI2/$BD$356+$AJ2/$BD$357+$AK2/$BD$368+$AL2/$BD$358) -> 0 | BG2: =100*(AI2/BD$356)/($O2/$BD$343+$P2/$BD$344+$Q2/$BD$346+$R2/$BD$348+$S2/$BD$350+$T2/$BD$351+$U2/$BD$352+$V2/$BD$353+$W2/$BD$354+$X2/$BD$359+$Y2/$BD$360+$Z2/$BD$361+$AA2/$BD$362+$AB2/$BD$363+$AC2/$BD$364+$AD2/$BD$365+$AE2/$BD$366+$AF2/$BD$367+$AG2/$BD$369+$AH2/$BD$355+$AI2/$BD$356+$AJ2/$BD$357+$AK2/$BD$368+$AL2/$BD$358) -> 0 | BH2: =100*(AJ2/BD$357)/($O2/$BD$343+$P2/$BD$344+$Q2/$BD$346+$R2/$BD$348+$S2/$BD$350+$T2/$BD$351+$U2/$BD$352+$V2/$BD$353+$W2/$BD$354+$X2/$BD$359+$Y2/$BD$360+$Z2/$BD$361+$AA2/$BD$362+$AB2/$BD$363+$AC2/$BD$364+$AD2/$BD$365+$AE2/$BD$366+$AF2/$BD$367+$AG2/$BD$369+$AH2/$BD$355+$AI2/$BD$356+$AJ2/$BD$357+$AK2/$BD$368+$AL2/$BD$358) -> 0.20088912 | BI2: =100*(AK2/BD$368)/($O2/$BD$343+$P2/$BD$344+$Q2/$BD$346+$R2/$BD$348+$S2/$BD$350+$T2/$BD$351+$U2/$BD$352+$V2/$BD$353+$W2/$BD$354+$X2/$BD$359+$Y2/$BD$360+$Z2/$BD$361+$AA2/$BD$362+$AB2/$BD$363+$AC2/$BD$364+$AD2/$BD$365+$AE2/$BD$366+$AF2/$BD$367+$AG2/$BD$369+$AH2/$BD$355+$AI2/$BD$356+$AJ2/$BD$357+$AK2/$BD$368+$AL2/$BD$358) -> 0 | BJ2: =100*(AL2/BD$358)/($O2/$BD$343+$P2/$BD$344+$Q2/$BD$346+$R2/$BD$348+$S2/$BD$350+$T2/$BD$351+$U2/$BD$352+$V2/$BD$353+$W2/$BD$354+$X2/$BD$359+$Y2/$BD$360+$Z2/$BD$361+$AA2/$BD$362+$AB2/$BD$363+$AC2/$BD$364+$AD2/$BD$365+$AE2/$BD$366+$AF2/$BD$367+$AG2/$BD$369+$AH2/$BD$355+$AI2/$BD$356+$AJ2/$BD$357+$AK2/$BD$368+$AL2/$BD$358) -> 0 | BK2: =(($AM2*($BK$396+$BJ$396*($BM$389+$I2))+$AN2*($BK$397+$BJ$397*($BM$389+$I2))+$AO2*($BK$398+$BJ$398*($BM$389+$I2))+$AP2*($BK$399+$BJ$399*($BM$389+$I2))+$AR2*($BK$401+$BJ$401*($BM$389+$I2))+$AS2*($BK$402+$BJ$402*($BM$389+$I2))+$AT2*($BK$403+$BJ$403*($BM$389+$I2))+$AU2*($BK$404+$BJ$404*($BM$389+$I2))+$AV2*($BK$405+$BJ$405*($BM$389+$I2))+$AW2*($BK$406+$BJ$406*($BM$389+$I2))+$AX2*($BK$407+$BJ$407*($BM$389+$I2))+$AY2*($BK$408+$BJ$408*($BM$389+$I2))+$AZ2*($BK$409+$BJ$409*($BM$389+$I2))+$BB2*($BK$411+$BJ$411*($BM$389+$I2))+$BC2*($BK$412+$BJ$412*($BM$389+$I2))+$BD2*($BK$413+$BJ$413*($BM$389+$I2))+$BF2*($BK$415+$BJ$415*($BM$389+$I2))+$BI2*($BK$416+$BJ$416*($BM$389+$I2)))/(SUM($AM2:$BJ2)-$AQ2-$BA2-$BE2-$BG2-$BH2-$BJ2)) -> -136.54296 | BL2: =IF($K2=$L2,$BK2,IF(OR($K2="graphite",$K2="vitreous carbon"),$BK$406+($BM$389+$I2)*$BJ$406,IF($K2="Pyrolytic Boron Nitride","PBN",IF(COUNTIF($BH$396:$BH$416,$K2)>0,VLOOKUP($K2,$BH$396:$BK$416,4,FALSE)+($BM$389+$I2)*VLOOKUP($K2,$BH$396:$BK$416,3,FALSE),IF(COUNTIF($L1:$L$247,$K2)>0,VLOOKUP($K2,$L1:$BK$247,52,FALSE),"idk"))))) -> -136.54296 | BM2: 13 | BN2: 7 | BO2: 1 | BP2: FLiBe | BQ2: ORNL | BR2: yes | BT2: 0 | DJ2: 0 | DK2: 0 | DM2: -6.4 | DN2: -17.1 | DO2: -0.22 | DT2: https://enispa.sharepoint.com/sites/Venicelaboratories-FLiNaKandFLiBecorrosion/Documenti%20condivisi/FLiNaK%20and%20FLiBe%20corrosion/3.%20Letteratura/Attività%202023/2015_Zheng_PhD_Corrosion%20Behavior%20of%20Alloys%20in%20Molten%20Fluoride%20Salts.pdf | DU2: Composizione NOMINALE dei provini | DW2: =SUM(_2025_01_07T12_47_export3[[#This Row],[Ni_wt]:[H_wt]]) -> 100 | DY2: =SUM($AM2:BJ2) -> 100
A3: A0316 L SS2015Zheng | B3: 1 | C3: University of Wisconsin Madison | D3: 2019 | E3: Zheng | F3: A0 | G3: static | H3: 0 | I3: 700 | J3: 1000 | K3: graphite | L3: 316 L SS | N3: 7980000 | O3: 10.025 | P3: 16.825 | Q3: 2.0115 | R3: =100-SUM(_2025_01_07T12_47_export3[[#This Row],[Ni_wt]:[Mo_wt]],_2025_01_07T12_47_export3[[#This Row],[W_wt]:[H_wt]]) -> 68.6109 | U3: 1.5305 | X3: 0.309 | Y3: 0.225 | Z3: 0.3795 | AC3: 0.031 | AD3: 0.0016 | AJ3: 0.051 | AM3: =100*(O3/BD$343)/($O3/$BD$343+$P3/$BD$344+$Q3/$BD$346+$R3/$BD$348+$S3/$BD$350+$T3/$BD$351+$U3/$BD$352+$V3/$BD$353+$W3/$BD$354+$X3/$BD$359+$Y3/$BD$360+$Z3/$BD$361+$AA3/$BD$362+$AB3/$BD$363+$AC3/$BD$364+$AD3/$BD$365+$AE3/$BD$366+$AF3/$BD$367+$AG3/$BD$369+$AH3/$BD$355+$AI3/$BD$356+$AJ3/$BD$357+$AK3/$BD$368+$AL3/$BD$358) -> 9.4263736 | AN3: =100*(P3/BD$344)/($O3/$BD$343+$P3/$BD$344+$Q3/$BD$346+$R3/$BD$348+$S3/$BD$350+$T3/$BD$351+$U3/$BD$352+$V3/$BD$353+$W3/$BD$354+$X3/$BD$359+$Y3/$BD$360+$Z3/$BD$361+$AA3/$BD$362+$AB3/$BD$363+$AC3/$BD$364+$AD3/$BD$365+$AE3/$BD$366+$AF3/$BD$367+$AG3/$BD$369+$AH3/$BD$355+$AI3/$BD$356+$AJ3/$BD$357+$AK3/$BD$368+$AL3/$BD$358) -> 17.855668 | AO3: =100*(Q3/BD$346)/($O3/$BD$343+$P3/$BD$344+$Q3/$BD$346+$R3/$BD$348+$S3/$BD$350+$T3/$BD$351+$U3/$BD$352+$V3/$BD$353+$W3/$BD$354+$X3/$BD$359+$Y3/$BD$360+$Z3/$BD$361+$AA3/$BD$362+$AB3/$BD$363+$AC3/$BD$364+$AD3/$BD$365+$AE3/$BD$366+$AF3/$BD$367+$AG3/$BD$369+$AH3/$BD$355+$AI3/$BD$356+$AJ3/$BD$357+$AK3/$BD$368+$AL3/$BD$358) -> 1.1567891 | AP3: =100*(R3/BD$348)/($O3/$BD$343+$P3/$BD$344+$Q3/$BD$346+$R3/$BD$348+$S3/$BD$350+$T3/$BD$351+$U3/$BD$352+$V3/$BD$353+$W3/$BD$354+$X3/$BD$359+$Y3/$BD$360+$Z3/$BD$361+$AA3/$BD$362+$AB3/$BD$363+$AC3/$BD$364+$AD3/$BD$365+$AE3/$BD$366+$AF3/$BD$367+$AG3/$BD$369+$AH3/$BD$355+$AI3/$BD$356+$AJ3/$BD$357+$AK3/$BD$368+$AL3/$BD$358) -> 67.794477 | AQ3: =100*(S3/BD$350)/($O3/$BD$343+$P3/$BD$344+$Q3/$BD$346+$R3/$BD$348+$S3/$BD$350+$T3/$BD$351+$U3/$BD$352+$V3/$BD$353+$W3/$BD$354+$X3/$BD$359+$Y3/$BD$360+$Z3/$BD$361+$AA3/$BD$362+$AB3/$BD$363+$AC3/$BD$364+$AD3/$BD$365+$AE3/$BD$366+$AF3/$BD$367+$AG3/$BD$369+$AH3/$BD$355+$AI3/$BD$356+$AJ3/$BD$357+$AK3/$BD$368+$AL3/$BD$358) -> 0 | AR3: =100*(T3/BD$351)/($O3/$BD$343+$P3/$BD$344+$Q3/$BD$346+$R3/$BD$348+$S3/$BD$350+$T3/$BD$351+$U3/$BD$352+$V3/$BD$353+$W3/$BD$354+$X3/$BD$359+$Y3/$BD$360+$Z3/$BD$361+$AA3/$BD$362+$AB3/$BD$363+$AC3/$BD$364+$AD3/$BD$365+$AE3/$BD$366+$AF3/$BD$367+$AG3/$BD$369+$AH3/$BD$355+$AI3/$BD$356+$AJ3/$BD$357+$AK3/$BD$368+$AL3/$BD$358) -> 0 | AS3: =100*(U3/BD$352)/($O3/$BD$343+$P3/$BD$344+$Q3/$BD$346+$R3/$BD$348+$S3/$BD$350+$T3/$BD$351+$U3/$BD$352+$V3/$BD$353+$W3/$BD$354+$X3/$BD$359+$Y3/$BD$360+$Z3/$BD$361+$AA3/$BD$362+$AB3/$BD$363+$AC3/$BD$364+$AD3/$BD$365+$AE3/$BD$366+$AF3/$BD$367+$AG3/$BD$369+$AH3/$BD$355+$AI3/$BD$356+$AJ3/$BD$357+$AK3/$BD$368+$AL3/$BD$358) -> 1.5373369 | AT3: =100*(V3/BD$353)/($O3/$BD$343+$P3/$BD$344+$Q3/$BD$346+$R3/$BD$348+$S3/$BD$350+$T3/$BD$351+$U3/$BD$352+$V3/$BD$353+$W3/$BD$354+$X3/$BD$359+$Y3/$BD$360+$Z3/$BD$361+$AA3/$BD$362+$AB3/$BD$363+$AC3/$BD$364+$AD3/$BD$365+$AE3/$BD$366+$AF3/$BD$367+$AG3/$BD$369+$AH3/$BD$355+$AI3/$BD$356+$AJ3/$BD$357+$AK3/$BD$368+$AL3/$BD$358) -> 0 | AU3: =100*(W3/BD$354)/($O3/$BD$343+$P3/$BD$344+$Q3/$BD$346+$R3/$BD$348+$S3/$BD$350+$T3/$BD$351+$U3/$BD$352+$V3/$BD$353+$W3/$BD$354+$X3/$BD$359+$Y3/$BD$360+$Z3/$BD$361+$AA3/$BD$362+$AB3/$BD$363+$AC3/$BD$364+$AD3/$BD$365+$AE3/$BD$366+$AF3/$BD$367+$AG3/$BD$369+$AH3/$BD$355+$AI3/$BD$356+$AJ3/$BD$357+$AK3/$BD$368+$AL3/$BD$358) -> 0 | AV3: =100*(X3/BD$359)/($O3/$BD$343+$P3/$BD$344+$Q3/$BD$346+$R3/$BD$348+$S3/$BD$350+$T3/$BD$351+$U3/$BD$352+$V3/$BD$353+$W3/$BD$354+$X3/$BD$359+$Y3/$BD$360+$Z3/$BD$361+$AA3/$BD$362+$AB3/$BD$363+$AC3/$BD$364+$AD3/$BD$365+$AE3/$BD$366+$AF3/$BD$367+$AG3/$BD$369+$AH3/$BD$355+$AI3/$BD$356+$AJ3/$BD$357+$AK3/$BD$368+$AL3/$BD$358) -> 0.6070593 | AW3: =100*(Y3/BD$360)/($O3/$BD$343+$P3/$BD$344+$Q3/$BD$346+$R3/$BD$348+$S3/$BD$350+$T3/$BD$351+$U3/$BD$352+$V3/$BD$353+$W3/$BD$354+$X3/$BD$359+$Y3/$BD$360+$Z3/$BD$361+$AA3/$BD$362+$AB3/$BD$363+$AC3/$BD$364+$AD3/$BD$365+$AE3/$BD$366+$AF3/$BD$367+$AG3/$BD$369+$AH3/$BD$355+$AI3/$BD$356+$AJ3/$BD$357+$AK3/$BD$368+$AL3/$BD$358) -> 1.0338651 | AX3: =100*(Z3/BD$361)/($O3/$BD$343+$P3/$BD$344+$Q3/$BD$346+$R3/$BD$348+$S3/$BD$350+$T3/$BD$351+$U3/$BD$352+$V3/$BD$353+$W3/$BD$354+$X3/$BD$359+$Y3/$BD$360+$Z3/$BD$361+$AA3/$BD$362+$AB3/$BD$363+$AC3/$BD$364+$AD3/$BD$365+$AE3/$BD$366+$AF3/$BD$367+$AG3/$BD$369+$AH3/$BD$355+$AI3/$BD$356+$AJ3/$BD$357+$AK3/$BD$368+$AL3/$BD$358) -> 0.32954946 | AY3: =100*(AA3/BD$362)/($O3/$BD$343+$P3/$BD$344+$Q3/$BD$346+$R3/$BD$348+$S3/$BD$350+$T3/$BD$351+$U3/$BD$352+$V3/$BD$353+$W3/$BD$354+$X3/$BD$359+$Y3/$BD$360+$Z3/$BD$361+$AA3/$BD$362+$AB3/$BD$363+$AC3/$BD$364+$AD3/$BD$365+$AE3/$BD$366+$AF3/$BD$367+$AG3/$BD$369+$AH3/$BD$355+$AI3/$BD$356+$AJ3/$BD$357+$AK3/$BD$368+$AL3/$BD$358) -> 0 | AZ3: =100*(AB3/BD$363)/($O3/$BD$343+$P3/$BD$344+$Q3/$BD$346+$R3/$BD$348+$S3/$BD$350+$T3/$BD$351+$U3/$BD$352+$V3/$BD$353+$W3/$BD$354+$X3/$BD$359+$Y3/$BD$360+$Z3/$BD$361+$AA3/$BD$362+$AB3/$BD$363+$AC3/$BD$364+$AD3/$BD$365+$AE3/$BD$366+$AF3/$BD$367+$AG3/$BD$369+$AH3/$BD$355+$AI3/$BD$356+$AJ3/$BD$357+$AK3/$BD$368+$AL3/$BD$358) -> 0 | BA3: =100*(AC3/BD$364)/($O3/$BD$343+$P3/$BD$344+$Q3/$BD$346+$R3/$BD$348+$S3/$BD$350+$T3/$BD$351+$U3/$BD$352+$V3/$BD$353+$W3/$BD$354+$X3/$BD$359+$Y3/$BD$360+$Z3/$BD$361+$AA3/$BD$362+$AB3/$BD$363+$AC3/$BD$364+$AD3/$BD$365+$AE3/$BD$366+$AF3/$BD$367+$AG3/$BD$369+$AH3/$BD$355+$AI3/$BD$356+$AJ3/$BD$357+$AK3/$BD$368+$AL3/$BD$358) -> 0.05523888 | BB3: =100*(AD3/BD$365)/($O3/$BD$343+$P3/$BD$344+$Q3/$BD$346+$R3/$BD$348+$S3/$BD$350+$T3/$BD$351+$U3/$BD$352+$V3/$BD$353+$W3/$BD$354+$X3/$BD$359+$Y3/$BD$360+$Z3/$BD$361+$AA3/$BD$362+$AB3/$BD$363+$AC3/$BD$364+$AD3/$BD$365+$AE3/$BD$366+$AF3/$BD$367+$AG3/$BD$369+$AH3/$BD$355+$AI3/$BD$356+$AJ3/$BD$357+$AK3/$BD$368+$AL3/$BD$358) -> 0.0027532484 | BC3: =100*(AE3/BD$366)/($O3/$BD$343+$P3/$BD$344+$Q3/$BD$346+$R3/$BD$348+$S3/$BD$350+$T3/$BD$351+$U3/$BD$352+$V3/$BD$353+$W3/$BD$354+$X3/$BD$359+$Y3/$BD$360+$Z3/$BD$361+$AA3/$BD$362+$AB3/$BD$363+$AC3/$BD$364+$AD3/$BD$365+$AE3/$BD$366+$AF3/$BD$367+$AG3/$BD$369+$AH3/$BD$355+$AI3/$BD$356+$AJ3/$BD$357+$AK3/$BD$368+$AL3/$BD$358) -> 0 | BD3: =100*(AF3/BD$367)/($O3/$BD$343+$P3/$BD$344+$Q3/$BD$346+$R3/$BD$348+$S3/$BD$350+$T3/$BD$351+$U3/$BD$352+$V3/$BD$353+$W3/$BD$354+$X3/$BD$359+$Y3/$BD$360+$Z3/$BD$361+$AA3/$BD$362+$AB3/$BD$363+$AC3/$BD$364+$AD3/$BD$365+$AE3/$BD$366+$AF3/$BD$367+$AG3/$BD$369+$AH3/$BD$355+$AI3/$BD$356+$AJ3/$BD$357+$AK3/$BD$368+$AL3/$BD$358) -> 0 | BE3: =100*(AG3/BD$369)/($O3/$BD$343+$P3/$BD$344+$Q3/$BD$346+$R3/$BD$348+$S3/$BD$350+$T3/$BD$351+$U3/$BD$352+$V3/$BD$353+$W3/$BD$354+$X3/$BD$359+$Y3/$BD$360+$Z3/$BD$361+$AA3/$BD$362+$AB3/$BD$363+$AC3/$BD$364+$AD3/$BD$365+$AE3/$BD$366+$AF3/$BD$367+$AG3/$BD$369+$AH3/$BD$355+$AI3/$BD$356+$AJ3/$BD$357+$AK3/$BD$368+$AL3/$BD$358) -> 0 | BF3: =100*(AH3/BD$355)/($O3/$BD$343+$P3/$BD$344+$Q3/$BD$346+$R3/$BD$348+$S3/$BD$350+$T3/$BD$351+$U3/$BD$352+$V3/$BD$353+$W3/$BD$354+$X3/$BD$359+$Y3/$BD$360+$Z3/$BD$361+$AA3/$BD$362+$AB3/$BD$363+$AC3/$BD$364+$AD3/$BD$365+$AE3/$BD$366+$AF3/$BD$367+$AG3/$BD$369+$AH3/$BD$355+$AI3/$BD$356+$AJ3/$BD$357+$AK3/$BD$368+$AL3/$BD$358) -> 0 | BG3: =100*(AI3/BD$356)/($O3/$BD$343+$P3/$BD$344+$Q3/$BD$346+$R3/$BD$348+$S3/$BD$350+$T3/$BD$351+$U3/$BD$352+$V3/$BD$353+$W3/$BD$354+$X3/$BD$359+$Y3/$BD$360+$Z3/$BD$361+$AA3/$BD$362+$AB3/$BD$363+$AC3/$BD$364+$AD3/$BD$365+$AE3/$BD$366+$AF3/$BD$367+$AG3/$BD$369+$AH3/$BD$355+$AI3/$BD$356+$AJ3/$BD$357+$AK3/$BD$368+$AL3/$BD$358) -> 0 | BH3: =100*(AJ3/BD$357)/($O3/$BD$343+$P3/$BD$344+$Q3/$BD$346+$R3/$BD$348+$S3/$BD$350+$T3/$BD$351+$U3/$BD$352+$V3/$BD$353+$W3/$BD$354+$X3/$BD$359+$Y3/$BD$360+$Z3/$BD$361+$AA3/$BD$362+$AB3/$BD$363+$AC3/$BD$364+$AD3/$BD$365+$AE3/$BD$366+$AF3/$BD$367+$AG3/$BD$369+$AH3/$BD$355+$AI3/$BD$356+$AJ3/$BD$357+$AK3/$BD$368+$AL3/$BD$358) -> 0.20088912 | BI3: =100*(AK3/BD$368)/($O3/$BD$343+$P3/$BD$344+$Q3/$BD$346+$R3/$BD$348+$S3/$BD$350+$T3/$BD$351+$U3/$BD$352+$V3/$BD$353+$W3/$BD$354+$X3/$BD$359+$Y3/$BD$360+$Z3/$BD$361+$AA3/$BD$362+$AB3/$BD$363+$AC3/$BD$364+$AD3/$BD$365+$AE3/$BD$366+$AF3/$BD$367+$AG3/$BD$369+$AH3/$BD$355+$AI3/$BD$356+$AJ3/$BD$357+$AK3/$BD$368+$AL3/$BD$358) -> 0 | BJ3: =100*(AL3/BD$358)/($O3/$BD$343+$P3/$BD$344+$Q3/$BD$346+$R3/$BD$348+$S3/$BD$350+$T3/$BD$351+$U3/$BD$352+$V3/$BD$353+$W3/$BD$354+$X3/$BD$359+$Y3/$BD$360+$Z3/$BD$361+$AA3/$BD$362+$AB3/$BD$363+$AC3/$BD$364+$AD3/$BD$365+$AE3/$BD$366+$AF3/$BD$367+$AG3/$BD$369+$AH3/$BD$355+$AI3/$BD$356+$AJ3/$BD$357+$AK3/$BD$368+$AL3/$BD$358) -> 0 | BK3: =(($AM3*($BK$396+$BJ$396*($BM$389+$I3))+$AN3*($BK$397+$BJ$397*($BM$389+$I3))+$AO3*($BK$398+$BJ$398*($BM$389+$I3))+$AP3*($BK$399+$BJ$399*($BM$389+$I3))+$AR3*($BK$401+$BJ$401*($BM$389+$I3))+$AS3*($BK$402+$BJ$402*($BM$389+$I3))+$AT3*($BK$403+$BJ$403*($BM$389+$I3))+$AU3*($BK$404+$BJ$404*($BM$389+$I3))+$AV3*($BK$405+$BJ$405*($BM$389+$I3))+$AW3*($BK$406+$BJ$406*($BM$389+$I3))+$AX3*($BK$407+$BJ$407*($BM$389+$I3))+$AY3*($BK$408+$BJ$408*($BM$389+$I3))+$AZ3*($BK$409+$BJ$409*($BM$389+$I3))+$BB3*($BK$411+$BJ$411*($BM$389+$I3))+$BC3*($BK$412+$BJ$412*($BM$389+$I3))+$BD3*($BK$413+$BJ$413*($BM$389+$I3))+$BF3*($BK$415+$BJ$415*($BM$389+$I3))+$BI3*($BK$416+$BJ$416*($BM$389+$I3)))/(SUM($AM3:$BJ3)-$AQ3-$BA3-$BE3-$BG3-$BH3-$BJ3)) -> -136.54296 | BL3: =IF($K3=$L3,$BK3,IF(OR($K3="graphite",$K3="vitreous carbon"),$BK$406+($BM$389+$I3)*$BJ$406,IF($K3="Pyrolytic Boron Nitride","PBN",IF(COUNTIF($BH$396:$BH$416,$K3)>0,VLOOKUP($K3,$BH$396:$BK$416,4,FALSE)+($BM$389+$I3)*VLOOKUP($K3,$BH$396:$BK$416,3,FALSE),IF(COUNTIF($L1:$L$238,$K3)>0,VLOOKUP($K3,$L1:$BK$238,52,FALSE),"idk"))))) -> -63.529672 | BM3: 13 | BN3: 7 | BO3: 1 | BP3: FLiBe | BQ3: ORNL | BR3: yes | BT3: 0 | DJ3: 0 | DK3: 0 | DM3: -13.7 | DN3: -31.2 | DO3: -0.27 | DT3: https://enispa.sharepoint.com/sites/Venicelaboratories-FLiNaKandFLiBecorrosion/Documenti%20condivisi/FLiNaK%20and%20FLiBe%20corrosion/3.%20Letteratura/Attività%202023/2015_Zheng_Corrosion%20of%20316%20stainless%20steel%20in%20high%20temperature%20molten%20Li2BeF4%20(FLiBe)%20salt.pdf | DU3: Composizione NOMINALE dei provini | DW3: =SUM(_2025_01_07T12_47_export3[[#This Row],[Ni_wt]:[H_wt]]) -> 100 | DY3: =SUM($AM3:BJ3) -> 100
A4: A0316 L SS2015Zheng | B4: 2 | C4: University of Wisconsin Madison | D4: 2020 | E4: Zheng | F4: A0 | G4: static | H4: 0 | I4: 700 | J4: 2000 | K4: 316 L SS | L4: 316 L SS | N4: 7980000 | O4: 10.025 | P4: 16.825 | Q4: 2.0115 | R4: =100-SUM(_2025_01_07T12_47_export3[[#This Row],[Ni_wt]:[Mo_wt]],_2025_01_07T12_47_export3[[#This Row],[W_wt]:[H_wt]]) -> 68.6109 | U4: 1.5305 | X4: 0.309 | Y4: 0.225 | Z4: 0.3795 | AC4: 0.031 | AD4: 0.0016 | AJ4: 0.051 | AM4: =100*(O4/BD$343)/($O4/$BD$343+$P4/$BD$344+$Q4/$BD$346+$R4/$BD$348+$S4/$BD$350+$T4/$BD$351+$U4/$BD$352+$V4/$BD$353+$W4/$BD$354+$X4/$BD$359+$Y4/$BD$360+$Z4/$BD$361+$AA4/$BD$362+$AB4/$BD$363+$AC4/$BD$364+$AD4/$BD$365+$AE4/$BD$366+$AF4/$BD$367+$AG4/$BD$369+$AH4/$BD$355+$AI4/$BD$356+$AJ4/$BD$357+$AK4/$BD$368+$AL4/$BD$358) -> 9.4263736 | AN4: =100*(P4/BD$344)/($O4/$BD$343+$P4/$BD$344+$Q4/$BD$346+$R4/$BD$348+$S4/$BD$350+$T4/$BD$351+$U4/$BD$352+$V4/$BD$353+$W4/$BD$354+$X4/$BD$359+$Y4/$BD$360+$Z4/$BD$361+$AA4/$BD$362+$AB4/$BD$363+$AC4/$BD$364+$AD4/$BD$365+$AE4/$BD$366+$AF4/$BD$367+$AG4/$BD$369+$AH4/$BD$355+$AI4/$BD$356+$AJ4/$BD$357+$AK4/$BD$368+$AL4/$BD$358) -> 17.855668 | AO4: =100*(Q4/BD$346)/($O4/$BD$343+$P4/$BD$344+$Q4/$BD$346+$R4/$BD$348+$S4/$BD$350+$T4/$BD$351+$U4/$BD$352+$V4/$BD$353+$W4/$BD$354+$X4/$BD$359+$Y4/$BD$360+$Z4/$BD$361+$AA4/$BD$362+$AB4/$BD$363+$AC4/$BD$364+$AD4/$BD$365+$AE4/$BD$366+$AF4/$BD$367+$AG4/$BD$369+$AH4/$BD$355+$AI4/$BD$356+$AJ4/$BD$357+$AK4/$BD$368+$AL4/$BD$358) -> 1.1567891 | AP4: =100*(R4/BD$348)/($O4/$BD$343+$P4/$BD$344+$Q4/$BD$346+$R4/$BD$348+$S4/$BD$350+$T4/$BD$351+$U4/$BD$352+$V4/$BD$353+$W4/$BD$354+$X4/$BD$359+$Y4/$BD$360+$Z4/$BD$361+$AA4/$BD$362+$AB4/$BD$363+$AC4/$BD$364+$AD4/$BD$365+$AE4/$BD$366+$AF4/$BD$367+$AG4/$BD$369+$AH4/$BD$355+$AI4/$BD$356+$AJ4/$BD$357+$AK4/$BD$368+$AL4/$BD$358) -> 67.794477 | AQ4: =100*(S4/BD$350)/($O4/$BD$343+$P4/$BD$344+$Q4/$BD$346+$R4/$BD$348+$S4/$BD$350+$T4/$BD$351+$U4/$BD$352+$V4/$BD$353+$W4/$BD$354+$X4/$BD$359+$Y4/$BD$360+$Z4/$BD$361+$AA4/$BD$362+$AB4/$BD$363+$AC4/$BD$364+$AD4/$BD$365+$AE4/$BD$366+$AF4/$BD$367+$AG4/$BD$369+$AH4/$BD$355+$AI4/$BD$356+$AJ4/$BD$357+$AK4/$BD$368+$AL4/$BD$358) -> 0 | AR4: =100*(T4/BD$351)/($O4/$BD$343+$P4/$BD$344+$Q4/$BD$346+$R4/$BD$348+$S4/$BD$350+$T4/$BD$351+$U4/$BD$352+$V4/$BD$353+$W4/$BD$354+$X4/$BD$359+$Y4/$BD$360+$Z4/$BD$361+$AA4/$BD$362+$AB4/$BD$363+$AC4/$BD$364+$AD4/$BD$365+$AE4/$BD$366+$AF4/$BD$367+$AG4/$BD$369+$AH4/$BD$355+$AI4/$BD$356+$AJ4/$BD$357+$AK4/$BD$368+$AL4/$BD$358) -> 0 | AS4: =100*(U4/BD$352)/($O4/$BD$343+$P4/$BD$344+$Q4/$BD$346+$R4/$BD$348+$S4/$BD$350+$T4/$BD$351+$U4/$BD$352+$V4/$BD$353+$W4/$BD$354+$X4/$BD$359+$Y4/$BD$360+$Z4/$BD$361+$AA4/$BD$362+$AB4/$BD$363+$AC4/$BD$364+$AD4/$BD$365+$AE4/$BD$366+$AF4/$BD$367+$AG4/$BD$369+$AH4/$BD$355+$AI4/$BD$356+$AJ4/$BD$357+$AK4/$BD$368+$AL4/$BD$358) -> 1.5373369 | AT4: =100*(V4/BD$353)/($O4/$BD$343+$P4/$BD$344+$Q4/$BD$346+$R4/$BD$348+$S4/$BD$350+$T4/$BD$351+$U4/$BD$352+$V4/$BD$353+$W4/$BD$354+$X4/$BD$359+$Y4/$BD$360+$Z4/$BD$361+$AA4/$BD$362+$AB4/$BD$363+$AC4/$BD$364+$AD4/$BD$365+$AE4/$BD$366+$AF4/$BD$367+$AG4/$BD$369+$AH4/$BD$355+$AI4/$BD$356+$AJ4/$BD$357+$AK4/$BD$368+$AL4/$BD$358) -> 0 | AU4: =100*(W4/BD$354)/($O4/$BD$343+$P4/$BD$344+$Q4/$BD$346+$R4/$BD$348+$S4/$BD$350+$T4/$BD$351+$U4/$BD$352+$V4/$BD$353+$W4/$BD$354+$X4/$BD$359+$Y4/$BD$360+$Z4/$BD$361+$AA4/$BD$362+$AB4/$BD$363+$AC4/$BD$364+$AD4/$BD$365+$AE4/$BD$366+$AF4/$BD$367+$AG4/$BD$369+$AH4/$BD$355+$AI4/$BD$356+$AJ4/$BD$357+$AK4/$BD$368+$AL4/$BD$358) -> 0 | AV4: =100*(X4/BD$359)/($O4/$BD$343+$P4/$BD$344+$Q4/$BD$346+$R4/$BD$348+$S4/$BD$350+$T4/$BD$351+$U4/$BD$352+$V4/$BD$353+$W4/$BD$354+$X4/$BD$359+$Y4/$BD$360+$Z4/$BD$361+$AA4/$BD$362+$AB4/$BD$363+$AC4/$BD$364+$AD4/$BD$365+$AE4/$BD$366+$AF4/$BD$367+$AG4/$BD$369+$AH4/$BD$355+$AI4/$BD$356+$AJ4/$BD$357+$AK4/$BD$368+$AL4/$BD$358) -> 0.6070593 | AW4: =100*(Y4/BD$360)/($O4/$BD$343+$P4/$BD$344+$Q4/$BD$346+$R4/$BD$348+$S4/$BD$350+$T4/$BD$351+$U4/$BD$352+$V4/$BD$353+$W4/$BD$354+$X4/$BD$359+$Y4/$BD$360+$Z4/$BD$361+$AA4/$BD$362+$AB4/$BD$363+$AC4/$BD$364+$AD4/$BD$365+$AE4/$BD$366+$AF4/$BD$367+$AG4/$BD$369+$AH4/$BD$355+$AI4/$BD$356+$AJ4/$BD$357+$AK4/$BD$368+$AL4/$BD$358) -> 1.0338651 | AX4: =100*(Z4/BD$361)/($O4/$BD$343+$P4/$BD$344+$Q4/$BD$346+$R4/$BD$348+$S4/$BD$350+$T4/$BD$351+$U4/$BD$352+$V4/$BD$353+$W4/$BD$354+$X4/$BD$359+$Y4/$BD$360+$Z4/$BD$361+$AA4/$BD$362+$AB4/$BD$363+$AC4/$BD$364+$AD4/$BD$365+$AE4/$BD$366+$AF4/$BD$367+$AG4/$BD$369+$AH4/$BD$355+$AI4/$BD$356+$AJ4/$BD$357+$AK4/$BD$368+$AL4/$BD$358) -> 0.32954946 | AY4: =100*(AA4/BD$362)/($O4/$BD$343+$P4/$BD$344+$Q4/$BD$346+$R4/$BD$348+$S4/$BD$350+$T4/$BD$351+$U4/$BD$352+$V4/$BD$353+$W4/$BD$354+$X4/$BD$359+$Y4/$BD$360+$Z4/$BD$361+$AA4/$BD$362+$AB4/$BD$363+$AC4/$BD$364+$AD4/$BD$365+$AE4/$BD$366+$AF4/$BD$367+$AG4/$BD$369+$AH4/$BD$355+$AI4/$BD$356+$AJ4/$BD$357+$AK4/$BD$368+$AL4/$BD$358) -> 0 | AZ4: =100*(AB4/BD$363)/($O4/$BD$343+$P4/$BD$344+$Q4/$BD$346+$R4/$BD$348+$S4/$BD$350+$T4/$BD$351+$U4/$BD$352+$V4/$BD$353+$W4/$BD$354+$X4/$BD$359+$Y4/$BD$360+$Z4/$BD$361+$AA4/$BD$362+$AB4/$BD$363+$AC4/$BD$364+$AD4/$BD$365+$AE4/$BD$366+$AF4/$BD$367+$AG4/$BD$369+$AH4/$BD$355+$AI4/$BD$356+$AJ4/$BD$357+$AK4/$BD$368+$AL4/$BD$358) -> 0 | BA4: =100*(AC4/BD$364)/($O4/$BD$343+$P4/$BD$344+$Q4/$BD$346+$R4/$BD$348+$S4/$BD$350+$T4/$BD$351+$U4/$BD$352+$V4/$BD$353+$W4/$BD$354+$X4/$BD$359+$Y4/$BD$360+$Z4/$BD$361+$AA4/$BD$362+$AB4/$BD$363+$AC4/$BD$364+$AD4/$BD$365+$AE4/$BD$366+$AF4/$BD$367+$AG4/$BD$369+$AH4/$BD$355+$AI4/$BD$356+$AJ4/$BD$357+$AK4/$BD$368+$AL4/$BD$358) -> 0.05523888 | BB4: =100*(AD4/BD$365)/($O4/$BD$343+$P4/$BD$344+$Q4/$BD$346+$R4/$BD$348+$S4/$BD$350+$T4/$BD$351+$U4/$BD$352+$V4/$BD$353+$W4/$BD$354+$X4/$BD$359+$Y4/$BD$360+$Z4/$BD$361+$AA4/$BD$362+$AB4/$BD$363+$AC4/$BD$364+$AD4/$BD$365+$AE4/$BD$366+$AF4/$BD$367+$AG4/$BD$369+$AH4/$BD$355+$AI4/$BD$356+$AJ4/$BD$357+$AK4/$BD$368+$AL4/$BD$358) -> 0.0027532484 | BC4: =100*(AE4/BD$366)/($O4/$BD$343+$P4/$BD$344+$Q4/$BD$346+$R4/$BD$348+$S4/$BD$350+$T4/$BD$351+$U4/$BD$352+$V4/$BD$353+$W4/$BD$354+$X4/$BD$359+$Y4/$BD$360+$Z4/$BD$361+$AA4/$BD$362+$AB4/$BD$363+$AC4/$BD$364+$AD4/$BD$365+$AE4/$BD$366+$AF4/$BD$367+$AG4/$BD$369+$AH4/$BD$355+$AI4/$BD$356+$AJ4/$BD$357+$AK4/$BD$368+$AL4/$BD$358) -> 0 | BD4: =100*(AF4/BD$367)/($O4/$BD$343+$P4/$BD$344+$Q4/$BD$346+$R4/$BD$348+$S4/$BD$350+$T4/$BD$351+$U4/$BD$352+$V4/$BD$353+$W4/$BD$354+$X4/$BD$359+$Y4/$BD$360+$Z4/$BD$361+$AA4/$BD$362+$AB4/$BD$363+$AC4/$BD$364+$AD4/$BD$365+$AE4/$BD$366+$AF4/$BD$367+$AG4/$BD$369+$AH4/$BD$355+$AI4/$BD$356+$AJ4/$BD$357+$AK4/$BD$368+$AL4/$BD$358) -> 0 | BE4: =100*(AG4/BD$369)/($O4/$BD$343+$P4/$BD$344+$Q4/$BD$346+$R4/$BD$348+$S4/$BD$350+$T4/$BD$351+$U4/$BD$352+$V4/$BD$353+$W4/$BD$354+$X4/$BD$359+$Y4/$BD$360+$Z4/$BD$361+$AA4/$BD$362+$AB4/$BD$363+$AC4/$BD$364+$AD4/$BD$365+$AE4/$BD$366+$AF4/$BD$367+$AG4/$BD$369+$AH4/$BD$355+$AI4/$BD$356+$AJ4/$BD$357+$AK4/$BD$368+$AL4/$BD$358) -> 0 | BF4: =100*(AH4/BD$355)/($O4/$BD$343+$P4/$BD$344+$Q4/$BD$346+$R4/$BD$348+$S4/$BD$350+$T4/$BD$351+$U4/$BD$352+$V4/$BD$353+$W4/$BD$354+$X4/$BD$359+$Y4/$BD$360+$Z4/$BD$361+$AA4/$BD$362+$AB4/$BD$363+$AC4/$BD$364+$AD4/$BD$365+$AE4/$BD$366+$AF4/$BD$367+$AG4/$BD$369+$AH4/$BD$355+$AI4/$BD$356+$AJ4/$BD$357+$AK4/$BD$368+$AL4/$BD$358) -> 0 | BG4: =100*(AI4/BD$356)/($O4/$BD$343+$P4/$BD$344+$Q4/$BD$346+$R4/$BD$348+$S4/$BD$350+$T4/$BD$351+$U4/$BD$352+$V4/$BD$353+$W4/$BD$354+$X4/$BD$359+$Y4/$BD$360+$Z4/$BD$361+$AA4/$BD$362+$AB4/$BD$363+$AC4/$BD$364+$AD4/$BD$365+$AE4/$BD$366+$AF4/$BD$367+$AG4/$BD$369+$AH4/$BD$355+$AI4/$BD$356+$AJ4/$BD$357+$AK4/$BD$368+$AL4/$BD$358) -> 0 | BH4: =100*(AJ4/BD$357)/($O4/$BD$343+$P4/$BD$344+$Q4/$BD$346+$R4/$BD$348+$S4/$BD$350+$T4/$BD$351+$U4/$BD$352+$V4/$BD$353+$W4/$BD$354+$X4/$BD$359+$Y4/$BD$360+$Z4/$BD$361+$AA4/$BD$362+$AB4/$BD$363+$AC4/$BD$364+$AD4/$BD$365+$AE4/$BD$366+$AF4/$BD$367+$AG4/$BD$369+$AH4/$BD$355+$AI4/$BD$356+$AJ4/$BD$357+$AK4/$BD$368+$AL4/$BD$358) -> 0.20088912 | BI4: =100*(AK4/BD$368)/($O4/$BD$343+$P4/$BD$344+$Q4/$BD$346+$R4/$BD$348+$S4/$BD$350+$T4/$BD$351+$U4/$BD$352+$V4/$BD$353+$W4/$BD$354+$X4/$BD$359+$Y4/$BD$360+$Z4/$BD$361+$AA4/$BD$362+$AB4/$BD$363+$AC4/$BD$364+$AD4/$BD$365+$AE4/$BD$366+$AF4/$BD$367+$AG4/$BD$369+$AH4/$BD$355+$AI4/$BD$356+$AJ4/$BD$357+$AK4/$BD$368+$AL4/$BD$358) -> 0 | BJ4: =100*(AL4/BD$358)/($O4/$BD$343+$P4/$BD$344+$Q4/$BD$346+$R4/$BD$348+$S4/$BD$350+$T4/$BD$351+$U4/$BD$352+$V4/$BD$353+$W4/$BD$354+$X4/$BD$359+$Y4/$BD$360+$Z4/$BD$361+$AA4/$BD$362+$AB4/$BD$363+$AC4/$BD$364+$AD4/$BD$365+$AE4/$BD$366+$AF4/$BD$367+$AG4/$BD$369+$AH4/$BD$355+$AI4/$BD$356+$AJ4/$BD$357+$AK4/$BD$368+$AL4/$BD$358) -> 0 | BK4: =(($AM4*($BK$396+$BJ$396*($BM$389+$I4))+$AN4*($BK$397+$BJ$397*($BM$389+$I4))+$AO4*($BK$398+$BJ$398*($BM$389+$I4))+$AP4*($BK$399+$BJ$399*($BM$389+$I4))+$AR4*($BK$401+$BJ$401*($BM$389+$I4))+$AS4*($BK$402+$BJ$402*($BM$389+$I4))+$AT4*($BK$403+$BJ$403*($BM$389+$I4))+$AU4*($BK$404+$BJ$404*($BM$389+$I4))+$AV4*($BK$405+$BJ$405*($BM$389+$I4))+$AW4*($BK$406+$BJ$406*($BM$389+$I4))+$AX4*($BK$407+$BJ$407*($BM$389+$I4))+$AY4*($BK$408+$BJ$408*($BM$389+$I4))+$AZ4*($BK$409+$BJ$409*($BM$389+$I4))+$BB4*($BK$411+$BJ$411*($BM$389+$I4))+$BC4*($BK$412+$BJ$412*($BM$389+$I4))+$BD4*($BK$413+$BJ$413*($BM$389+$I4))+$BF4*($BK$415+$BJ$415*($BM$389+$I4))+$BI4*($BK$416+$BJ$416*($BM$389+$I4)))/(SUM($AM4:$BJ4)-$AQ4-$BA4-$BE4-$BG4-$BH4-$BJ4)) -> -136.54296 | BL4: =IF($K4=$L4,$BK4,IF(OR($K4="graphite",$K4="vitreous carbon"),$BK$406+($BM$389+$I4)*$BJ$406,IF($K4="Pyrolytic Boron Nitride","PBN",IF(COUNTIF($BH$396:$BH$416,$K4)>0,VLOOKUP($K4,$BH$396:$BK$416,4,FALSE)+($BM$389+$I4)*VLOOKUP($K4,$BH$396:$BK$416,3,FALSE),IF(COUNTIF($L$2:$L3,$K4)>0,VLOOKUP($K4,$L$2:$BK3,52,FALSE),"idk"))))) -> -136.54296 | BM4: 13 | BN4: 7 | BO4: 1 | BP4: FLiBe | BQ4: ORNL | BR4: yes | BT4: 0 | DJ4: 0 | DK4: 0 | DM4: -10.7 | DN4: -17.1 | DO4: -0.35 | DT4: https://enispa.sharepoint.com/sites/Venicelaboratories-FLiNaKandFLiBecorrosion/Documenti%20condivisi/FLiNaK%20and%20FLiBe%20corrosion/3.%20Letteratura/Attività%202023/2015_Zheng_High%20Temperature%20Corrosion%20of%20Hastelloy%20N%20in%20Molten%20Li2BeF4%20(FLiBe)%20Salt.pdf | DU4: Composizione NOMINALE dei provini | DW4: =SUM(_2025_01_07T12_47_export3[[#This Row],[Ni_wt]:[H_wt]]) -> 100 | DY4: =SUM($AM4:BJ4) -> 100
A5: A0316 L SS2015Zheng | B5: 3 | C5: University of Wisconsin Madison | D5: 2021 | E5: Zheng | F5: A0 | G5: static | H5: 0 | I5: 700 | J5: 2000 | K5: graphite | L5: 316 L SS | N5: 7980000 | O5: 10.025 | P5: 16.825 | Q5: 2.0115 | R5: =100-SUM(_2025_01_07T12_47_export3[[#This Row],[Ni_wt]:[Mo_wt]],_2025_01_07T12_47_export3[[#This Row],[W_wt]:[H_wt]]) -> 68.6109 | U5: 1.5305 | X5: 0.309 | Y5: 0.225 | Z5: 0.3795 | AC5: 0.031 | AD5: 0.0016 | AJ5: 0.051 | AM5: =100*(O5/BD$343)/($O5/$BD$343+$P5/$BD$344+$Q5/$BD$346+$R5/$BD$348+$S5/$BD$350+$T5/$BD$351+$U5/$BD$352+$V5/$BD$353+$W5/$BD$354+$X5/$BD$359+$Y5/$BD$360+$Z5/$BD$361+$AA5/$BD$362+$AB5/$BD$363+$AC5/$BD$364+$AD5/$BD$365+$AE5/$BD$366+$AF5/$BD$367+$AG5/$BD$369+$AH5/$BD$355+$AI5/$BD$356+$AJ5/$BD$357+$AK5/$BD$368+$AL5/$BD$358) -> 9.4263736 | AN5: =100*(P5/BD$344)/($O5/$BD$343+$P5/$BD$344+$Q5/$BD$346+$R5/$BD$348+$S5/$BD$350+$T5/$BD$351+$U5/$BD$352+$V5/$BD$353+$W5/$BD$354+$X5/$BD$359+$Y5/$BD$360+$Z5/$BD$361+$AA5/$BD$362+$AB5/$BD$363+$AC5/$BD$364+$AD5/$BD$365+$AE5/$BD$366+$AF5/$BD$367+$AG5/$BD$369+$AH5/$BD$355+$AI5/$BD$356+$AJ5/$BD$357+$AK5/$BD$368+$AL5/$BD$358) -> 17.855668 | AO5: =100*(Q5/BD$346)/($O5/$BD$343+$P5/$BD$344+$Q5/$BD$346+$R5/$BD$348+$S5/$BD$350+$T5/$BD$351+$U5/$BD$352+$V5/$BD$353+$W5/$BD$354+$X5/$BD$359+$Y5/$BD$360+$Z5/$BD$361+$AA5/$BD$362+$AB5/$BD$363+$AC5/$BD$364+$AD5/$BD$365+$AE5/$BD$366+$AF5/$BD$367+$AG5/$BD$369+$AH5/$BD$355+$AI5/$BD$356+$AJ5/$BD$357+$AK5/$BD$368+$AL5/$BD$358) -> 1.1567891 | AP5: =100*(R5/BD$348)/($O5/$BD$343+$P5/$BD$344+$Q5/$BD$346+$R5/$BD$348+$S5/$BD$350+$T5/$BD$351+$U5/$BD$352+$V5/$BD$353+$W5/$BD$354+$X5/$BD$359+$Y5/$BD$360+$Z5/$BD$361+$AA5/$BD$362+$AB5/$BD$363+$AC5/$BD$364+$AD5/$BD$365+$AE5/$BD$366+$AF5/$BD$367+$AG5/$BD$369+$AH5/$BD$355+$AI5/$BD$356+$AJ5/$BD$357+$AK5/$BD$368+$AL5/$BD$358) -> 67.794477 | AQ5: =100*(S5/BD$350)/($O5/$BD$343+$P5/$BD$344+$Q5/$BD$346+$R5/$BD$348+$S5/$BD$350+$T5/$BD$351+$U5/$BD$352+$V5/$BD$353+$W5/$BD$354+$X5/$BD$359+$Y5/$BD$360+$Z5/$BD$361+$AA5/$BD$362+$AB5/$BD$363+$AC5/$BD$364+$AD5/$BD$365+$AE5/$BD$366+$AF5/$BD$367+$AG5/$BD$369+$AH5/$BD$355+$AI5/$BD$356+$AJ5/$BD$357+$AK5/$BD$368+$AL5/$BD$358) -> 0 | AR5: =100*(T5/BD$351)/($O5/$BD$343+$P5/$BD$344+$Q5/$BD$346+$R5/$BD$348+$S5/$BD$350+$T5/$BD$351+$U5/$BD$352+$V5/$BD$353+$W5/$BD$354+$X5/$BD$359+$Y5/$BD$360+$Z5/$BD$361+$AA5/$BD$362+$AB5/$BD$363+$AC5/$BD$364+$AD5/$BD$365+$AE5/$BD$366+$AF5/$BD$367+$AG5/$BD$369+$AH5/$BD$355+$AI5/$BD$356+$AJ5/$BD$357+$AK5/$BD$368+$AL5/$BD$358) -> 0 | AS5: =100*(U5/BD$352)/($O5/$BD$343+$P5/$BD$344+$Q5/$BD$346+$R5/$BD$348+$S5/$BD$350+$T5/$BD$351+$U5/$BD$352+$V5/$BD$353+$W5/$BD$354+$X5/$BD$359+$Y5/$BD$360+$Z5/$BD$361+$AA5/$BD$362+$AB5/$BD$363+$AC5/$BD$364+$AD5/$BD$365+$AE5/$BD$366+$AF5/$BD$367+$AG5/$BD$369+$AH5/$BD$355+$AI5/$BD$356+$AJ5/$BD$357+$AK5/$BD$368+$AL5/$BD$358) -> 1.5373369 | AT5: =100*(V5/BD$353)/($O5/$BD$343+$P5/$BD$344+$Q5/$BD$346+$R5/$BD$348+$S5/$BD$350+$T5/$BD$351+$U5/$BD$352+$V5/$BD$353+$W5/$BD$354+$X5/$BD$359+$Y5/$BD$360+$Z5/$BD$361+$AA5/$BD$362+$AB5/$BD$363+$AC5/$BD$364+$AD5/$BD$365+$AE5/$BD$366+$AF5/$BD$367+$AG5/$BD$369+$AH5/$BD$355+$AI5/$BD$356+$AJ5/$BD$357+$AK5/$BD$368+$AL5/$BD$358) -> 0 | AU5: =100*(W5/BD$354)/($O5/$BD$343+$P5/$BD$344+$Q5/$BD$346+$R5/$BD$348+$S5/$BD$350+$T5/$BD$351+$U5/$BD$352+$V5/$BD$353+$W5/$BD$354+$X5/$BD$359+$Y5/$BD$360+$Z5/$BD$361+$AA5/$BD$362+$AB5/$BD$363+$AC5/$BD$364+$AD5/$BD$365+$AE5/$BD$366+$AF5/$BD$367+$AG5/$BD$369+$AH5/$BD$355+$AI5/$BD$356+$AJ5/$BD$357+$AK5/$BD$368+$AL5/$BD$358) -> 0 | AV5: =100*(X5/BD$359)/($O5/$BD$343+$P5/$BD$344+$Q5/$BD$346+$R5/$BD$348+$S5/$BD$350+$T5/$BD$351+$U5/$BD$352+$V5/$BD$353+$W5/$BD$354+$X5/$BD$359+$Y5/$BD$360+$Z5/$BD$361+$AA5/$BD$362+$AB5/$BD$363+$AC5/$BD$364+$AD5/$BD$365+$AE5/$BD$366+$AF5/$BD$367+$AG5/$BD$369+$AH5/$BD$355+$AI5/$BD$356+$AJ5/$BD$357+$AK5/$BD$368+$AL5/$BD$358) -> 0.6070593 | AW5: =100*(Y5/BD$360)/($O5/$BD$343+$P5/$BD$344+$Q5/$BD$346+$R5/$BD$348+$S5/$BD$350+$T5/$BD$351+$U5/$BD$352+$V5/$BD$353+$W5/$BD$354+$X5/$BD$359+$Y5/$BD$360+$Z5/$BD$361+$AA5/$BD$362+$AB5/$BD$363+$AC5/$BD$364+$AD5/$BD$365+$AE5/$BD$366+$AF5/$BD$367+$AG5/$BD$369+$AH5/$BD$355+$AI5/$BD$356+$AJ5/$BD$357+$AK5/$BD$368+$AL5/$BD$358) -> 1.0338651 | AX5: =100*(Z5/BD$361)/($O5/$BD$343+$P5/$BD$344+$Q5/$BD$346+$R5/$BD$348+$S5/$BD$350+$T5/$BD$351+$U5/$BD$352+$V5/$BD$353+$W5/$BD$354+$X5/$BD$359+$Y5/$BD$360+$Z5/$BD$361+$AA5/$BD$362+$AB5/$BD$363+$AC5/$BD$364+$AD5/$BD$365+$AE5/$BD$366+$AF5/$BD$367+$AG5/$BD$369+$AH5/$BD$355+$AI5/$BD$356+$AJ5/$BD$357+$AK5/$BD$368+$AL5/$BD$358) -> 0.32954946 | AY5: =100*(AA5/BD$362)/($O5/$BD$343+$P5/$BD$344+$Q5/$BD$346+$R5/$BD$348+$S5/$BD$350+$T5/$BD$351+$U5/$BD$352+$V5/$BD$353+$W5/$BD$354+$X5/$BD$359+$Y5/$BD$360+$Z5/$BD$361+$AA5/$BD$362+$AB5/$BD$363+$AC5/$BD$364+$AD5/$BD$365+$AE5/$BD$366+$AF5/$BD$367+$AG5/$BD$369+$AH5/$BD$355+$AI5/$BD$356+$AJ5/$BD$357+$AK5/$BD$368+$AL5/$BD$358) -> 0 | AZ5: =100*(AB5/BD$363)/($O5/$BD$343+$P5/$BD$344+$Q5/$BD$346+$R5/$BD$348+$S5/$BD$350+$T5/$BD$351+$U5/$BD$352+$V5/$BD$353+$W5/$BD$354+$X5/$BD$359+$Y5/$BD$360+$Z5/$BD$361+$AA5/$BD$362+$AB5/$BD$363+$AC5/$BD$364+$AD5/$BD$365+$AE5/$BD$366+$AF5/$BD$367+$AG5/$BD$369+$AH5/$BD$355+$AI5/$BD$356+$AJ5/$BD$357+$AK5/$BD$368+$AL5/$BD$358) -> 0 | BA5: =100*(AC5/BD$364)/($O5/$BD$343+$P5/$BD$344+$Q5/$BD$346+$R5/$BD$348+$S5/$BD$350+$T5/$BD$351+$U5/$BD$352+$V5/$BD$353+$W5/$BD$354+$X5/$BD$359+$Y5/$BD$360+$Z5/$BD$361+$AA5/$BD$362+$AB5/$BD$363+$AC5/$BD$364+$AD5/$BD$365+$AE5/$BD$366+$AF5/$BD$367+$AG5/$BD$369+$AH5/$BD$355+$AI5/$BD$356+$AJ5/$BD$357+$AK5/$BD$368+$AL5/$BD$358) -> 0.05523888 | BB5: =100*(AD5/BD$365)/($O5/$BD$343+$P5/$BD$344+$Q5/$BD$346+$R5/$BD$348+$S5/$BD$350+$T5/$BD$351+$U5/$BD$352+$V5/$BD$353+$W5/$BD$354+$X5/$BD$359+$Y5/$BD$360+$Z5/$BD$361+$AA5/$BD$362+$AB5/$BD$363+$AC5/$BD$364+$AD5/$BD$365+$AE5/$BD$366+$AF5/$BD$367+$AG5/$BD$369+$AH5/$BD$355+$AI5/$BD$356+$AJ5/$BD$357+$AK5/$BD$368+$AL5/$BD$358) -> 0.0027532484 | BC5: =100*(AE5/BD$366)/($O5/$BD$343+$P5/$BD$344+$Q5/$BD$346+$R5/$BD$348+$S5/$BD$350+$T5/$BD$351+$U5/$BD$352+$V5/$BD$353+$W5/$BD$354+$X5/$BD$359+$Y5/$BD$360+$Z5/$BD$361+$AA5/$BD$362+$AB5/$BD$363+$AC5/$BD$364+$AD5/$BD$365+$AE5/$BD$366+$AF5/$BD$367+$AG5/$BD$369+$AH5/$BD$355+$AI5/$BD$356+$AJ5/$BD$357+$AK5/$BD$368+$AL5/$BD$358) -> 0 | BD5: =100*(AF5/BD$367)/($O5/$BD$343+$P5/$BD$344+$Q5/$BD$346+$R5/$BD$348+$S5/$BD$350+$T5/$BD$351+$U5/$BD$352+$V5/$BD$353+$W5/$BD$354+$X5/$BD$359+$Y5/$BD$360+$Z5/$BD$361+$AA5/$BD$362+$AB5/$BD$363+$AC5/$BD$364+$AD5/$BD$365+$AE5/$BD$366+$AF5/$BD$367+$AG5/$BD$369+$AH5/$BD$355+$AI5/$BD$356+$AJ5/$BD$357+$AK5/$BD$368+$AL5/$BD$358) -> 0 | BE5: =100*(AG5/BD$369)/($O5/$BD$343+$P5/$BD$344+$Q5/$BD$346+$R5/$BD$348+$S5/$BD$350+$T5/$BD$351+$U5/$BD$352+$V5/$BD$353+$W5/$BD$354+$X5/$BD$359+$Y5/$BD$360+$Z5/$BD$361+$AA5/$BD$362+$AB5/$BD$363+$AC5/$BD$364+$AD5/$BD$365+$AE5/$BD$366+$AF5/$BD$367+$AG5/$BD$369+$AH5/$BD$355+$AI5/$BD$356+$AJ5/$BD$357+$AK5/$BD$368+$AL5/$BD$358) -> 0 | BF5: =100*(AH5/BD$355)/($O5/$BD$343+$P5/$BD$344+$Q5/$BD$346+$R5/$BD$348+$S5/$BD$350+$T5/$BD$351+$U5/$BD$352+$V5/$BD$353+$W5/$BD$354+$X5/$BD$359+$Y5/$BD$360+$Z5/$BD$361+$AA5/$BD$362+$AB5/$BD$363+$AC5/$BD$364+$AD5/$BD$365+$AE5/$BD$366+$AF5/$BD$367+$AG5/$BD$369+$AH5/$BD$355+$AI5/$BD$356+$AJ5/$BD$357+$AK5/$BD$368+$AL5/$BD$358) -> 0 | BG5: =100*(AI5/BD$356)/($O5/$BD$343+$P5/$BD$344+$Q5/$BD$346+$R5/$BD$348+$S5/$BD$350+$T5/$BD$351+$U5/$BD$352+$V5/$BD$353+$W5/$BD$354+$X5/$BD$359+$Y5/$BD$360+$Z5/$BD$361+$AA5/$BD$362+$AB5/$BD$363+$AC5/$BD$364+$AD5/$BD$365+$AE5/$BD$366+$AF5/$BD$367+$AG5/$BD$369+$AH5/$BD$355+$AI5/$BD$356+$AJ5/$BD$357+$AK5/$BD$368+$AL5/$BD$358) -> 0 | BH5: =100*(AJ5/BD$357)/($O5/$BD$343+$P5/$BD$344+$Q5/$BD$346+$R5/$BD$348+$S5/$BD$350+$T5/$BD$351+$U5/$BD$352+$V5/$BD$353+$W5/$BD$354+$X5/$BD$359+$Y5/$BD$360+$Z5/$BD$361+$AA5/$BD$362+$AB5/$BD$363+$AC5/$BD$364+$AD5/$BD$365+$AE5/$BD$366+$AF5/$BD$367+$AG5/$BD$369+$AH5/$BD$355+$AI5/$BD$356+$AJ5/$BD$357+$AK5/$BD$368+$AL5/$BD$358) -> 0.20088912 | BI5: =100*(AK5/BD$368)/($O5/$BD$343+$P5/$BD$344+$Q5/$BD$346+$R5/$BD$348+$S5/$BD$350+$T5/$BD$351+$U5/$BD$352+$V5/$BD$353+$W5/$BD$354+$X5/$BD$359+$Y5/$BD$360+$Z5/$BD$361+$AA5/$BD$362+$AB5/$BD$363+$AC5/$BD$364+$AD5/$BD$365+$AE5/$BD$366+$AF5/$BD$367+$AG5/$BD$369+$AH5/$BD$355+$AI5/$BD$356+$AJ5/$BD$357+$AK5/$BD$368+$AL5/$BD$358) -> 0 | BJ5: =100*(AL5/BD$358)/($O5/$BD$343+$P5/$BD$344+$Q5/$BD$346+$R5/$BD$348+$S5/$BD$350+$T5/$BD$351+$U5/$BD$352+$V5/$BD$353+$W5/$BD$354+$X5/$BD$359+$Y5/$BD$360+$Z5/$BD$361+$AA5/$BD$362+$AB5/$BD$363+$AC5/$BD$364+$AD5/$BD$365+$AE5/$BD$366+$AF5/$BD$367+$AG5/$BD$369+$AH5/$BD$355+$AI5/$BD$356+$AJ5/$BD$357+$AK5/$BD$368+$AL5/$BD$358) -> 0 | BK5: =(($AM5*($BK$396+$BJ$396*($BM$389+$I5))+$AN5*($BK$397+$BJ$397*($BM$389+$I5))+$AO5*($BK$398+$BJ$398*($BM$389+$I5))+$AP5*($BK$399+$BJ$399*($BM$389+$I5))+$AR5*($BK$401+$BJ$401*($BM$389+$I5))+$AS5*($BK$402+$BJ$402*($BM$389+$I5))+$AT5*($BK$403+$BJ$403*($BM$389+$I5))+$AU5*($BK$404+$BJ$404*($BM$389+$I5))+$AV5*($BK$405+$BJ$405*($BM$389+$I5))+$AW5*($BK$406+$BJ$406*($BM$389+$I5))+$AX5*($BK$407+$BJ$407*($BM$389+$I5))+$AY5*($BK$408+$BJ$408*($BM$389+$I5))+$AZ5*($BK$409+$BJ$409*($BM$389+$I5))+$BB5*($BK$411+$BJ$411*($BM$389+$I5))+$BC5*($BK$412+$BJ$412*($BM$389+$I5))+$BD5*($BK$413+$BJ$413*($BM$389+$I5))+$BF5*($BK$415+$BJ$415*($BM$389+$I5))+$BI5*($BK$416+$BJ$416*($BM$389+$I5)))/(SUM($AM5:$BJ5)-$AQ5-$BA5-$BE5-$BG5-$BH5-$BJ5)) -> -136.54296 | BL5: =IF($K5=$L5,$BK5,IF(OR($K5="graphite",$K5="vitreous carbon"),$BK$406+($BM$389+$I5)*$BJ$406,IF($K5="Pyrolytic Boron Nitride","PBN",IF(COUNTIF($BH$396:$BH$416,$K5)>0,VLOOKUP($K5,$BH$396:$BK$416,4,FALSE)+($BM$389+$I5)*VLOOKUP($K5,$BH$396:$BK$416,3,FALSE),IF(COUNTIF($L$2:$L4,$K5)>0,VLOOKUP($K5,$L$2:$BK4,52,FALSE),"idk"))))) -> -63.529672 | BM5: 13 | BN5: 7 | BO5: 1 | BP5: FLiBe | BQ5: ORNL | BR5: yes | BT5: 0 | DJ5: 0 | DK5: 0 | DM5: -19.4 | DN5: -31.2 | DO5: -0.41 | DT5: https://enispa.sharepoint.com/sites/Venicelaboratories-FLiNaKandFLiBecorrosion/Documenti%20condivisi/FLiNaK%20and%20FLiBe%20corrosion/3.%20Letteratura/Attività%202023/2018_Zheng-Sridharan_Article_CorrosionOfStructuralAlloysInH.pdf | DU5: Composizione NOMINALE dei provini | DW5: =SUM(_2025_01_07T12_47_export3[[#This Row],[Ni_wt]:[H_wt]]) -> 100 | DY5: =SUM($AM5:BJ5) -> 100
A6: A0316 L SS2015Zheng | B6: 4 | C6: University of Wisconsin Madison | D6: 2022 | E6: Zheng | F6: A0 | G6: static | H6: 0 | I6: 700 | J6: 3000 | K6: 316 L SS | L6: 316 L SS | N6: 7980000 | O6: 10.025 | P6: 16.825 | Q6: 2.0115 | R6: =100-SUM(_2025_01_07T12_47_export3[[#This Row],[Ni_wt]:[Mo_wt]],_2025_01_07T12_47_export3[[#This Row],[W_wt]:[H_wt]]) -> 68.6109 | U6: 1.5305 | X6: 0.309 | Y6: 0.225 | Z6: 0.3795 | AC6: 0.031 | AD6: 0.0016 | AJ6: 0.051 | AM6: =100*(O6/BD$343)/($O6/$BD$343+$P6/$BD$344+$Q6/$BD$346+$R6/$BD$348+$S6/$BD$350+$T6/$BD$351+$U6/$BD$352+$V6/$BD$353+$W6/$BD$354+$X6/$BD$359+$Y6/$BD$360+$Z6/$BD$361+$AA6/$BD$362+$AB6/$BD$363+$AC6/$BD$364+$AD6/$BD$365+$AE6/$BD$366+$AF6/$BD$367+$AG6/$BD$369+$AH6/$BD$355+$AI6/$BD$356+$AJ6/$BD$357+$AK6/$BD$368+$AL6/$BD$358) -> 9.4263736 | AN6: =100*(P6/BD$344)/($O6/$BD$343+$P6/$BD$344+$Q6/$BD$346+$R6/$BD$348+$S6/$BD$350+$T6/$BD$351+$U6/$BD$352+$V6/$BD$353+$W6/$BD$354+$X6/$BD$359+$Y6/$BD$360+$Z6/$BD$361+$AA6/$BD$362+$AB6/$BD$363+$AC6/$BD$364+$AD6/$BD$365+$AE6/$BD$366+$AF6/$BD$367+$AG6/$BD$369+$AH6/$BD$355+$AI6/$BD$356+$AJ6/$BD$357+$AK6/$BD$368+$AL6/$BD$358) -> 17.855668 | AO6: =100*(Q6/BD$346)/($O6/$BD$343+$P6/$BD$344+$Q6/$BD$346+$R6/$BD$348+$S6/$BD$350+$T6/$BD$351+$U6/$BD$352+$V6/$BD$353+$W6/$BD$354+$X6/$BD$359+$Y6/$BD$360+$Z6/$BD$361+$AA6/$BD$362+$AB6/$BD$363+$AC6/$BD$364+$AD6/$BD$365+$AE6/$BD$366+$AF6/$BD$367+$AG6/$BD$369+$AH6/$BD$355+$AI6/$BD$356+$AJ6/$BD$357+$AK6/$BD$368+$AL6/$BD$358) -> 1.1567891 | AP6: =100*(R6/BD$348)/($O6/$BD$343+$P6/$BD$344+$Q6/$BD$346+$R6/$BD$348+$S6/$BD$350+$T6/$BD$351+$U6/$BD$352+$V6/$BD$353+$W6/$BD$354+$X6/$BD$359+$Y6/$BD$360+$Z6/$BD$361+$AA6/$BD$362+$AB6/$BD$363+$AC6/$BD$364+$AD6/$BD$365+$AE6/$BD$366+$AF6/$BD$367+$AG6/$BD$369+$AH6/$BD$355+$AI6/$BD$356+$AJ6/$BD$357+$AK6/$BD$368+$AL6/$BD$358) -> 67.794477 | AQ6: =100*(S6/BD$350)/($O6/$BD$343+$P6/$BD$344+$Q6/$BD$346+$R6/$BD$348+$S6/$BD$350+$T6/$BD$351+$U6/$BD$352+$V6/$BD$353+$W6/$BD$354+$X6/$BD$359+$Y6/$BD$360+$Z6/$BD$361+$AA6/$BD$362+$AB6/$BD$363+$AC6/$BD$364+$AD6/$BD$365+$AE6/$BD$366+$AF6/$BD$367+$AG6/$BD$369+$AH6/$BD$355+$AI6/$BD$356+$AJ6/$BD$357+$AK6/$BD$368+$AL6/$BD$358) -> 0 | AR6: =100*(T6/BD$351)/($O6/$BD$343+$P6/$BD$344+$Q6/$BD$346+$R6/$BD$348+$S6/$BD$350+$T6/$BD$351+$U6/$BD$352+$V6/$BD$353+$W6/$BD$354+$X6/$BD$359+$Y6/$BD$360+$Z6/$BD$361+$AA6/$BD$362+$AB6/$BD$363+$AC6/$BD$364+$AD6/$BD$365+$AE6/$BD$366+$AF6/$BD$367+$AG6/$BD$369+$AH6/$BD$355+$AI6/$BD$356+$AJ6/$BD$357+$AK6/$BD$368+$AL6/$BD$358) -> 0 | AS6: =100*(U6/BD$352)/($O6/$BD$343+$P6/$BD$344+$Q6/$BD$346+$R6/$BD$348+$S6/$BD$350+$T6/$BD$351+$U6/$BD$352+$V6/$BD$353+$W6/$BD$354+$X6/$BD$359+$Y6/$BD$360+$Z6/$BD$361+$AA6/$BD$362+$AB6/$BD$363+$AC6/$BD$364+$AD6/$BD$365+$AE6/$BD$366+$AF6/$BD$367+$AG6/$BD$369+$AH6/$BD$355+$AI6/$BD$356+$AJ6/$BD$357+$AK6/$BD$368+$AL6/$BD$358) -> 1.5373369 | AT6: =100*(V6/BD$353)/($O6/$BD$343+$P6/$BD$344+$Q6/$BD$346+$R6/$BD$348+$S6/$BD$350+$T6/$BD$351+$U6/$BD$352+$V6/$BD$353+$W6/$BD$354+$X6/$BD$359+$Y6/$BD$360+$Z6/$BD$361+$AA6/$BD$362+$AB6/$BD$363+$AC6/$BD$364+$AD6/$BD$365+$AE6/$BD$366+$AF6/$BD$367+$AG6/$BD$369+$AH6/$BD$355+$AI6/$BD$356+$AJ6/$BD$357+$AK6/$BD$368+$AL6/$BD$358) -> 0 | AU6: =100*(W6/BD$354)/($O6/$BD$343+$P6/$BD$344+$Q6/$BD$346+$R6/$BD$348+$S6/$BD$350+$T6/$BD$351+$U6/$BD$352+$V6/$BD$353+$W6/$BD$354+$X6/$BD$359+$Y6/$BD$360+$Z6/$BD$361+$AA6/$BD$362+$AB6/$BD$363+$AC6/$BD$364+$AD6/$BD$365+$AE6/$BD$366+$AF6/$BD$367+$AG6/$BD$369+$AH6/$BD$355+$AI6/$BD$356+$AJ6/$BD$357+$AK6/$BD$368+$AL6/$BD$358) -> 0 | AV6: =100*(X6/BD$359)/($O6/$BD$343+$P6/$BD$344+$Q6/$BD$346+$R6/$BD$348+$S6/$BD$350+$T6/$BD$351+$U6/$BD$352+$V6/$BD$353+$W6/$BD$354+$X6/$BD$359+$Y6/$BD$360+$Z6/$BD$361+$AA6/$BD$362+$AB6/$BD$363+$AC6/$BD$364+$AD6/$BD$365+$AE6/$BD$366+$AF6/$BD$367+$AG6/$BD$369+$AH6/$BD$355+$AI6/$BD$356+$AJ6/$BD$357+$AK6/$BD$368+$AL6/$BD$358) -> 0.6070593 | AW6: =100*(Y6/BD$360)/($O6/$BD$343+$P6/$BD$344+$Q6/$BD$346+$R6/$BD$348+$S6/$BD$350+$T6/$BD$351+$U6/$BD$352+$V6/$BD$353+$W6/$BD$354+$X6/$BD$359+$Y6/$BD$360+$Z6/$BD$361+$AA6/$BD$362+$AB6/$BD$363+$AC6/$BD$364+$AD6/$BD$365+$AE6/$BD$366+$AF6/$BD$367+$AG6/$BD$369+$AH6/$BD$355+$AI6/$BD$356+$AJ6/$BD$357+$AK6/$BD$368+$AL6/$BD$358) -> 1.0338651 | AX6: =100*(Z6/BD$361)/($O6/$BD$343+$P6/$BD$344+$Q6/$BD$346+$R6/$BD$348+$S6/$BD$350+$T6/$BD$351+$U6/$BD$352+$V6/$BD$353+$W6/$BD$354+$X6/$BD$359+$Y6/$BD$360+$Z6/$BD$361+$AA6/$BD$362+$AB6/$BD$363+$AC6/$BD$364+$AD6/$BD$365+$AE6/$BD$366+$AF6/$BD$367+$AG6/$BD$369+$AH6/$BD$355+$AI6/$BD$356+$AJ6/$BD$357+$AK6/$BD$368+$AL6/$BD$358) -> 0.32954946 | AY6: =100*(AA6/BD$362)/($O6/$BD$343+$P6/$BD$344+$Q6/$BD$346+$R6/$BD$348+$S6/$BD$350+$T6/$BD$351+$U6/$BD$352+$V6/$BD$353+$W6/$BD$354+$X6/$BD$359+$Y6/$BD$360+$Z6/$BD$361+$AA6/$BD$362+$AB6/$BD$363+$AC6/$BD$364+$AD6/$BD$365+$AE6/$BD$366+$AF6/$BD$367+$AG6/$BD$369+$AH6/$BD$355+$AI6/$BD$356+$AJ6/$BD$357+$AK6/$BD$368+$AL6/$BD$358) -> 0 | AZ6: =100*(AB6/BD$363)/($O6/$BD$343+$P6/$BD$344+$Q6/$BD$346+$R6/$BD$348+$S6/$BD$350+$T6/$BD$351+$U6/$BD$352+$V6/$BD$353+$W6/$BD$354+$X6/$BD$359+$Y6/$BD$360+$Z6/$BD$361+$AA6/$BD$362+$AB6/$BD$363+$AC6/$BD$364+$AD6/$BD$365+$AE6/$BD$366+$AF6/$BD$367+$AG6/$BD$369+$AH6/$BD$355+$AI6/$BD$356+$AJ6/$BD$357+$AK6/$BD$368+$AL6/$BD$358) -> 0 | BA6: =100*(AC6/BD$364)/($O6/$BD$343+$P6/$BD$344+$Q6/$BD$346+$R6/$BD$348+$S6/$BD$350+$T6/$BD$351+$U6/$BD$352+$V6/$BD$353+$W6/$BD$354+$X6/$BD$359+$Y6/$BD$360+$Z6/$BD$361+$AA6/$BD$362+$AB6/$BD$363+$AC6/$BD$364+$AD6/$BD$365+$AE6/$BD$366+$AF6/$BD$367+$AG6/$BD$369+$AH6/$BD$355+$AI6/$BD$356+$AJ6/$BD$357+$AK6/$BD$368+$AL6/$BD$358) -> 0.05523888 | BB6: =100*(AD6/BD$365)/($O6/$BD$343+$P6/$BD$344+$Q6/$BD$346+$R6/$BD$348+$S6/$BD$350+$T6/$BD$351+$U6/$BD$352+$V6/$BD$353+$W6/$BD$354+$X6/$BD$359+$Y6/$BD$360+$Z6/$BD$361+$AA6/$BD$362+$AB6/$BD$363+$AC6/$BD$364+$AD6/$BD$365+$AE6/$BD$366+$AF6/$BD$367+$AG6/$BD$369+$AH6/$BD$355+$AI6/$BD$356+$AJ6/$BD$357+$AK6/$BD$368+$AL6/$BD$358) -> 0.0027532484 | BC6: =100*(AE6/BD$366)/($O6/$BD$343+$P6/$BD$344+$Q6/$BD$346+$R6/$BD$348+$S6/$BD$350+$T6/$BD$351+$U6/$BD$352+$V6/$BD$353+$W6/$BD$354+$X6/$BD$359+$Y6/$BD$360+$Z6/$BD$361+$AA6/$BD$362+$AB6/$BD$363+$AC6/$BD$364+$AD6/$BD$365+$AE6/$BD$366+$AF6/$BD$367+$AG6/$BD$369+$AH6/$BD$355+$AI6/$BD$356+$AJ6/$BD$357+$AK6/$BD$368+$AL6/$BD$358) -> 0 | BD6: =100*(AF6/BD$367)/($O6/$BD$343+$P6/$BD$344+$Q6/$BD$346+$R6/$BD$348+$S6/$BD$350+$T6/$BD$351+$U6/$BD$352+$V6/$BD$353+$W6/$BD$354+$X6/$BD$359+$Y6/$BD$360+$Z6/$BD$361+$AA6/$BD$362+$AB6/$BD$363+$AC6/$BD$364+$AD6/$BD$365+$AE6/$BD$366+$AF6/$BD$367+$AG6/$BD$369+$AH6/$BD$355+$AI6/$BD$356+$AJ6/$BD$357+$AK6/$BD$368+$AL6/$BD$358) -> 0 | BE6: =100*(AG6/BD$369)/($O6/$BD$343+$P6/$BD$344+$Q6/$BD$346+$R6/$BD$348+$S6/$BD$350+$T6/$BD$351+$U6/$BD$352+$V6/$BD$353+$W6/$BD$354+$X6/$BD$359+$Y6/$BD$360+$Z6/$BD$361+$AA6/$BD$362+$AB6/$BD$363+$AC6/$BD$364+$AD6/$BD$365+$AE6/$BD$366+$AF6/$BD$367+$AG6/$BD$369+$AH6/$BD$355+$AI6/$BD$356+$AJ6/$BD$357+$AK6/$BD$368+$AL6/$BD$358) -> 0 | BF6: =100*(AH6/BD$355)/($O6/$BD$343+$P6/$BD$344+$Q6/$BD$346+$R6/$BD$348+$S6/$BD$350+$T6/$BD$351+$U6/$BD$352+$V6/$BD$353+$W6/$BD$354+$X6/$BD$359+$Y6/$BD$360+$Z6/$BD$361+$AA6/$BD$362+$AB6/$BD$363+$AC6/$BD$364+$AD6/$BD$365+$AE6/$BD$366+$AF6/$BD$367+$AG6/$BD$369+$AH6/$BD$355+$AI6/$BD$356+$AJ6/$BD$357+$AK6/$BD$368+$AL6/$BD$358) -> 0 | BG6: =100*(AI6/BD$356)/($O6/$BD$343+$P6/$BD$344+$Q6/$BD$346+$R6/$BD$348+$S6/$BD$350+$T6/$BD$351+$U6/$BD$352+$V6/$BD$353+$W6/$BD$354+$X6/$BD$359+$Y6/$BD$360+$Z6/$BD$361+$AA6/$BD$362+$AB6/$BD$363+$AC6/$BD$364+$AD6/$BD$365+$AE6/$BD$366+$AF6/$BD$367+$AG6/$BD$369+$AH6/$BD$355+$AI6/$BD$356+$AJ6/$BD$357+$AK6/$BD$368+$AL6/$BD$358) -> 0 | BH6: =100*(AJ6/BD$357)/($O6/$BD$343+$P6/$BD$344+$Q6/$BD$346+$R6/$BD$348+$S6/$BD$350+$T6/$BD$351+$U6/$BD$352+$V6/$BD$353+$W6/$BD$354+$X6/$BD$359+$Y6/$BD$360+$Z6/$BD$361+$AA6/$BD$362+$AB6/$BD$363+$AC6/$BD$364+$AD6/$BD$365+$AE6/$BD$366+$AF6/$BD$367+$AG6/$BD$369+$AH6/$BD$355+$AI6/$BD$356+$AJ6/$BD$357+$AK6/$BD$368+$AL6/$BD$358) -> 0.20088912 | BI6: =100*(AK6/BD$368)/($O6/$BD$343+$P6/$BD$344+$Q6/$BD$346+$R6/$BD$348+$S6/$BD$350+$T6/$BD$351+$U6/$BD$352+$V6/$BD$353+$W6/$BD$354+$X6/$BD$359+$Y6/$BD$360+$Z6/$BD$361+$AA6/$BD$362+$AB6/$BD$363+$AC6/$BD$364+$AD6/$BD$365+$AE6/$BD$366+$AF6/$BD$367+$AG6/$BD$369+$AH6/$BD$355+$AI6/$BD$356+$AJ6/$BD$357+$AK6/$BD$368+$AL6/$BD$358) -> 0 | BJ6: =100*(AL6/BD$358)/($O6/$BD$343+$P6/$BD$344+$Q6/$BD$346+$R6/$BD$348+$S6/$BD$350+$T6/$BD$351+$U6/$BD$352+$V6/$BD$353+$W6/$BD$354+$X6/$BD$359+$Y6/$BD$360+$Z6/$BD$361+$AA6/$BD$362+$AB6/$BD$363+$AC6/$BD$364+$AD6/$BD$365+$AE6/$BD$366+$AF6/$BD$367+$AG6/$BD$369+$AH6/$BD$355+$AI6/$BD$356+$AJ6/$BD$357+$AK6/$BD$368+$AL6/$BD$358) -> 0 | BK6: =(($AM6*($BK$396+$BJ$396*($BM$389+$I6))+$AN6*($BK$397+$BJ$397*($BM$389+$I6))+$AO6*($BK$398+$BJ$398*($BM$389+$I6))+$AP6*($BK$399+$BJ$399*($BM$389+$I6))+$AR6*($BK$401+$BJ$401*($BM$389+$I6))+$AS6*($BK$402+$BJ$402*($BM$389+$I6))+$AT6*($BK$403+$BJ$403*($BM$389+$I6))+$AU6*($BK$404+$BJ$404*($BM$389+$I6))+$AV6*($BK$405+$BJ$405*($BM$389+$I6))+$AW6*($BK$406+$BJ$406*($BM$389+$I6))+$AX6*($BK$407+$BJ$407*($BM$389+$I6))+$AY6*($BK$408+$BJ$408*($BM$389+$I6))+$AZ6*($BK$409+$BJ$409*($BM$389+$I6))+$BB6*($BK$411+$BJ$411*($BM$389+$I6))+$BC6*($BK$412+$BJ$412*($BM$389+$I6))+$BD6*($BK$413+$BJ$413*($BM$389+$I6))+$BF6*($BK$415+$BJ$415*($BM$389+$I6))+$BI6*($BK$416+$BJ$416*($BM$389+$I6)))/(SUM($AM6:$BJ6)-$AQ6-$BA6-$BE6-$BG6-$BH6-$BJ6)) -> -136.54296 | BL6: =IF($K6=$L6,$BK6,IF(OR($K6="graphite",$K6="vitreous carbon"),$BK$406+($BM$389+$I6)*$BJ$406,IF($K6="Pyrolytic Boron Nitride","PBN",IF(COUNTIF($BH$396:$BH$416,$K6)>0,VLOOKUP($K6,$BH$396:$BK$416,4,FALSE)+($BM$389+$I6)*VLOOKUP($K6,$BH$396:$BK$416,3,FALSE),IF(COUNTIF($L$2:$L5,$K6)>0,VLOOKUP($K6,$L$2:$BK5,52,FALSE),"idk"))))) -> -136.54296 | BM6: 13 | BN6: 7 | BO6: 1 | BP6: FLiBe | BQ6: ORNL | BR6: yes | BT6: 0 | DJ6: 0 | DK6: 0 | DM6: -11.5 | DN6: -17.1 | DO6: -0.55 | DT6: https://enispa.sharepoint.com/sites/Venicelaboratories-FLiNaKandFLiBecorrosion/Documenti%20condivisi/FLiNaK%20and%20FLiBe%20corrosion/3.%20Letteratura/Attività%202023/2016_Zheng_Corrosion-induced%20microstructural%20developments%20in%20316%20stainless%20steel%20during%20expo.pdf | DU6: Composizione NOMINALE dei provini | DW6: =SUM(_2025_01_07T12_47_export3[[#This Row],[Ni_wt]:[H_wt]]) -> 100 | DY6: =SUM($AM6:BJ6) -> 100
A7: A0316 L SS2015Zheng | B7: 5 | C7: University of Wisconsin Madison | D7: 2023 | E7: Zheng | F7: A0 | G7: static | H7: 0 | I7: 700 | J7: 3000 | K7: graphite | L7: 316 L SS | N7: 7980000 | O7: 10.025 | P7: 16.825 | Q7: 2.0115 | R7: =100-SUM(_2025_01_07T12_47_export3[[#This Row],[Ni_wt]:[Mo_wt]],_2025_01_07T12_47_export3[[#This Row],[W_wt]:[H_wt]]) -> 68.6109 | U7: 1.5305 | X7: 0.309 | Y7: 0.225 | Z7: 0.3795 | AC7: 0.031 | AD7: 0.0016 | AJ7: 0.051 | AM7: =100*(O7/BD$343)/($O7/$BD$343+$P7/$BD$344+$Q7/$BD$346+$R7/$BD$348+$S7/$BD$350+$T7/$BD$351+$U7/$BD$352+$V7/$BD$353+$W7/$BD$354+$X7/$BD$359+$Y7/$BD$360+$Z7/$BD$361+$AA7/$BD$362+$AB7/$BD$363+$AC7/$BD$364+$AD7/$BD$365+$AE7/$BD$366+$AF7/$BD$367+$AG7/$BD$369+$AH7/$BD$355+$AI7/$BD$356+$AJ7/$BD$357+$AK7/$BD$368+$AL7/$BD$358) -> 9.4263736 | AN7: =100*(P7/BD$344)/($O7/$BD$343+$P7/$BD$344+$Q7/$BD$346+$R7/$BD$348+$S7/$BD$350+$T7/$BD$351+$U7/$BD$352+$V7/$BD$353+$W7/$BD$354+$X7/$BD$359+$Y7/$BD$360+$Z7/$BD$361+$AA7/$BD$362+$AB7/$BD$363+$AC7/$BD$364+$AD7/$BD$365+$AE7/$BD$366+$AF7/$BD$367+$AG7/$BD$369+$AH7/$BD$355+$AI7/$BD$356+$AJ7/$BD$357+$AK7/$BD$368+$AL7/$BD$358) -> 17.855668 | AO7: =100*(Q7/BD$346)/($O7/$BD$343+$P7/$BD$344+$Q7/$BD$346+$R7/$BD$348+$S7/$BD$350+$T7/$BD$351+$U7/$BD$352+$V7/$BD$353+$W7/$BD$354+$X7/$BD$359+$Y7/$BD$360+$Z7/$BD$361+$AA7/$BD$362+$AB7/$BD$363+$AC7/$BD$364+$AD7/$BD$365+$AE7/$BD$366+$AF7/$BD$367+$AG7/$BD$369+$AH7/$BD$355+$AI7/$BD$356+$AJ7/$BD$357+$AK7/$BD$368+$AL7/$BD$358) -> 1.1567891 | AP7: =100*(R7/BD$348)/($O7/$BD$343+$P7/$BD$344+$Q7/$BD$346+$R7/$BD$348+$S7/$BD$350+$T7/$BD$351+$U7/$BD$352+$V7/$BD$353+$W7/$BD$354+$X7/$BD$359+$Y7/$BD$360+$Z7/$BD$361+$AA7/$BD$362+$AB7/$BD$363+$AC7/$BD$364+$AD7/$BD$365+$AE7/$BD$366+$AF7/$BD$367+$AG7/$BD$369+$AH7/$BD$355+$AI7/$BD$356+$AJ7/$BD$357+$AK7/$BD$368+$AL7/$BD$358) -> 67.794477 | AQ7: =100*(S7/BD$350)/($O7/$BD$343+$P7/$BD$344+$Q7/$BD$346+$R7/$BD$348+$S7/$BD$350+$T7/$BD$351+$U7/$BD$352+$V7/$BD$353+$W7/$BD$354+$X7/$BD$359+$Y7/$BD$360+$Z7/$BD$361+$AA7/$BD$362+$AB7/$BD$363+$AC7/$BD$364+$AD7/$BD$365+$AE7/$BD$366+$AF7/$BD$367+$AG7/$BD$369+$AH7/$BD$355+$AI7/$BD$356+$AJ7/$BD$357+$AK7/$BD$368+$AL7/$BD$358) -> 0 | AR7: =100*(T7/BD$351)/($O7/$BD$343+$P7/$BD$344+$Q7/$BD$346+$R7/$BD$348+$S7/$BD$350+$T7/$BD$351+$U7/$BD$352+$V7/$BD$353+$W7/$BD$354+$X7/$BD$359+$Y7/$BD$360+$Z7/$BD$361+$AA7/$BD$362+$AB7/$BD$363+$AC7/$BD$364+$AD7/$BD$365+$AE7/$BD$366+$AF7/$BD$367+$AG7/$BD$369+$AH7/$BD$355+$AI7/$BD$356+$AJ7/$BD$357+$AK7/$BD$368+$AL7/$BD$358) -> 0 | AS7: =100*(U7/BD$352)/($O7/$BD$343+$P7/$BD$344+$Q7/$BD$346+$R7/$BD$348+$S7/$BD$350+$T7/$BD$351+$U7/$BD$352+$V7/$BD$353+$W7/$BD$354+$X7/$BD$359+$Y7/$BD$360+$Z7/$BD$361+$AA7/$BD$362+$AB7/$BD$363+$AC7/$BD$364+$AD7/$BD$365+$AE7/$BD$366+$AF7/$BD$367+$AG7/$BD$369+$AH7/$BD$355+$AI7/$BD$356+$AJ7/$BD$357+$AK7/$BD$368+$AL7/$BD$358) -> 1.5373369 | AT7: =100*(V7/BD$353)/($O7/$BD$343+$P7/$BD$344+$Q7/$BD$346+$R7/$BD$348+$S7/$BD$350+$T7/$BD$351+$U7/$BD$352+$V7/$BD$353+$W7/$BD$354+$X7/$BD$359+$Y7/$BD$360+$Z7/$BD$361+$AA7/$BD$362+$AB7/$BD$363+$AC7/$BD$364+$AD7/$BD$365+$AE7/$BD$366+$AF7/$BD$367+$AG7/$BD$369+$AH7/$BD$355+$AI7/$BD$356+$AJ7/$BD$357+$AK7/$BD$368+$AL7/$BD$358) -> 0 | AU7: =100*(W7/BD$354)/($O7/$BD$343+$P7/$BD$344+$Q7/$BD$346+$R7/$BD$348+$S7/$BD$350+$T7/$BD$351+$U7/$BD$352+$V7/$BD$353+$W7/$BD$354+$X7/$BD$359+$Y7/$BD$360+$Z7/$BD$361+$AA7/$BD$362+$AB7/$BD$363+$AC7/$BD$364+$AD7/$BD$365+$AE7/$BD$366+$AF7/$BD$367+$AG7/$BD$369+$AH7/$BD$355+$AI7/$BD$356+$AJ7/$BD$357+$AK7/$BD$368+$AL7/$BD$358) -> 0 | AV7: =100*(X7/BD$359)/($O7/$BD$343+$P7/$BD$344+$Q7/$BD$346+$R7/$BD$348+$S7/$BD$350+$T7/$BD$351+$U7/$BD$352+$V7/$BD$353+$W7/$BD$354+$X7/$BD$359+$Y7/$BD$360+$Z7/$BD$361+$AA7/$BD$362+$AB7/$BD$363+$AC7/$BD$364+$AD7/$BD$365+$AE7/$BD$366+$AF7/$BD$367+$AG7/$BD$369+$AH7/$BD$355+$AI7/$BD$356+$AJ7/$BD$357+$AK7/$BD$368+$AL7/$BD$358) -> 0.6070593 | AW7: =100*(Y7/BD$360)/($O7/$BD$343+$P7/$BD$344+$Q7/$BD$346+$R7/$BD$348+$S7/$BD$350+$T7/$BD$351+$U7/$BD$352+$V7/$BD$353+$W7/$BD$354+$X7/$BD$359+$Y7/$BD$360+$Z7/$BD$361+$AA7/$BD$362+$AB7/$BD$363+$AC7/$BD$364+$AD7/$BD$365+$AE7/$BD$366+$AF7/$BD$367+$AG7/$BD$369+$AH7/$BD$355+$AI7/$BD$356+$AJ7/$BD$357+$AK7/$BD$368+$AL7/$BD$358) -> 1.0338651 | AX7: =100*(Z7/BD$361)/($O7/$BD$343+$P7/$BD$344+$Q7/$BD$346+$R7/$BD$348+$S7/$BD$350+$T7/$BD$351+$U7/$BD$352+$V7/$BD$353+$W7/$BD$354+$X7/$BD$359+$Y7/$BD$360+$Z7/$BD$361+$AA7/$BD$362+$AB7/$BD$363+$AC7/$BD$364+$AD7/$BD$365+$AE7/$BD$366+$AF7/$BD$367+$AG7/$BD$369+$AH7/$BD$355+$AI7/$BD$356+$AJ7/$BD$357+$AK7/$BD$368+$AL7/$BD$358) -> 0.32954946 | AY7: =100*(AA7/BD$362)/($O7/$BD$343+$P7/$BD$344+$Q7/$BD$346+$R7/$BD$348+$S7/$BD$350+$T7/$BD$351+$U7/$BD$352+$V7/$BD$353+$W7/$BD$354+$X7/$BD$359+$Y7/$BD$360+$Z7/$BD$361+$AA7/$BD$362+$AB7/$BD$363+$AC7/$BD$364+$AD7/$BD$365+$AE7/$BD$366+$AF7/$BD$367+$AG7/$BD$369+$AH7/$BD$355+$AI7/$BD$356+$AJ7/$BD$357+$AK7/$BD$368+$AL7/$BD$358) -> 0 | AZ7: =100*(AB7/BD$363)/($O7/$BD$343+$P7/$BD$344+$Q7/$BD$346+$R7/$BD$348+$S7/$BD$350+$T7/$BD$351+$U7/$BD$352+$V7/$BD$353+$W7/$BD$354+$X7/$BD$359+$Y7/$BD$360+$Z7/$BD$361+$AA7/$BD$362+$AB7/$BD$363+$AC7/$BD$364+$AD7/$BD$365+$AE7/$BD$366+$AF7/$BD$367+$AG7/$BD$369+$AH7/$BD$355+$AI7/$BD$356+$AJ7/$BD$357+$AK7/$BD$368+$AL7/$BD$358) -> 0 | BA7: =100*(AC7/BD$364)/($O7/$BD$343+$P7/$BD$344+$Q7/$BD$346+$R7/$BD$348+$S7/$BD$350+$T7/$BD$351+$U7/$BD$352+$V7/$BD$353+$W7/$BD$354+$X7/$BD$359+$Y7/$BD$360+$Z7/$BD$361+$AA7/$BD$362+$AB7/$BD$363+$AC7/$BD$364+$AD7/$BD$365+$AE7/$BD$366+$AF7/$BD$367+$AG7/$BD$369+$AH7/$BD$355+$AI7/$BD$356+$AJ7/$BD$357+$AK7/$BD$368+$AL7/$BD$358) -> 0.05523888 | BB7: =100*(AD7/BD$365)/($O7/$BD$343+$P7/$BD$344+$Q7/$BD$346+$R7/$BD$348+$S7/$BD$350+$T7/$BD$351+$U7/$BD$352+$V7/$BD$353+$W7/$BD$354+$X7/$BD$359+$Y7/$BD$360+$Z7/$BD$361+$AA7/$BD$362+$AB7/$BD$363+$AC7/$BD$364+$AD7/$BD$365+$AE7/$BD$366+$AF7/$BD$367+$AG7/$BD$369+$AH7/$BD$355+$AI7/$BD$356+$AJ7/$BD$357+$AK7/$BD$368+$AL7/$BD$358) -> 0.0027532484 | BC7: =100*(AE7/BD$366)/($O7/$BD$343+$P7/$BD$344+$Q7/$BD$346+$R7/$BD$348+$S7/$BD$350+$T7/$BD$351+$U7/$BD$352+$V7/$BD$353+$W7/$BD$354+$X7/$BD$359+$Y7/$BD$360+$Z7/$BD$361+$AA7/$BD$362+$AB7/$BD$363+$AC7/$BD$364+$AD7/$BD$365+$AE7/$BD$366+$AF7/$BD$367+$AG7/$BD$369+$AH7/$BD$355+$AI7/$BD$356+$AJ7/$BD$357+$AK7/$BD$368+$AL7/$BD$358) -> 0 | BD7: =100*(AF7/BD$367)/($O7/$BD$343+$P7/$BD$344+$Q7/$BD$346+$R7/$BD$348+$S7/$BD$350+$T7/$BD$351+$U7/$BD$352+$V7/$BD$353+$W7/$BD$354+$X7/$BD$359+$Y7/$BD$360+$Z7/$BD$361+$AA7/$BD$362+$AB7/$BD$363+$AC7/$BD$364+$AD7/$BD$365+$AE7/$BD$366+$AF7/$BD$367+$AG7/$BD$369+$AH7/$BD$355+$AI7/$BD$356+$AJ7/$BD$357+$AK7/$BD$368+$AL7/$BD$358) -> 0 | BE7: =100*(AG7/BD$369)/($O7/$BD$343+$P7/$BD$344+$Q7/$BD$346+$R7/$BD$348+$S7/$BD$350+$T7/$BD$351+$U7/$BD$352+$V7/$BD$353+$W7/$BD$354+$X7/$BD$359+$Y7/$BD$360+$Z7/$BD$361+$AA7/$BD$362+$AB7/$BD$363+$AC7/$BD$364+$AD7/$BD$365+$AE7/$BD$366+$AF7/$BD$367+$AG7/$BD$369+$AH7/$BD$355+$AI7/$BD$356+$AJ7/$BD$357+$AK7/$BD$368+$AL7/$BD$358) -> 0 | BF7: =100*(AH7/BD$355)/($O7/$BD$343+$P7/$BD$344+$Q7/$BD$346+$R7/$BD$348+$S7/$BD$350+$T7/$BD$351+$U7/$BD$352+$V7/$BD$353+$W7/$BD$354+$X7/$BD$359+$Y7/$BD$360+$Z7/$BD$361+$AA7/$BD$362+$AB7/$BD$363+$AC7/$BD$364+$AD7/$BD$365+$AE7/$BD$366+$AF7/$BD$367+$AG7/$BD$369+$AH7/$BD$355+$AI7/$BD$356+$AJ7/$BD$357+$AK7/$BD$368+$AL7/$BD$358) -> 0 | BG7: =100*(AI7/BD$356)/($O7/$BD$343+$P7/$BD$344+$Q7/$BD$346+$R7/$BD$348+$S7/$BD$350+$T7/$BD$351+$U7/$BD$352+$V7/$BD$353+$W7/$BD$354+$X7/$BD$359+$Y7/$BD$360+$Z7/$BD$361+$AA7/$BD$362+$AB7/$BD$363+$AC7/$BD$364+$AD7/$BD$365+$AE7/$BD$366+$AF7/$BD$367+$AG7/$BD$369+$AH7/$BD$355+$AI7/$BD$356+$AJ7/$BD$357+$AK7/$BD$368+$AL7/$BD$358) -> 0 | BH7: =100*(AJ7/BD$357)/($O7/$BD$343+$P7/$BD$344+$Q7/$BD$346+$R7/$BD$348+$S7/$BD$350+$T7/$BD$351+$U7/$BD$352+$V7/$BD$353+$W7/$BD$354+$X7/$BD$359+$Y7/$BD$360+$Z7/$BD$361+$AA7/$BD$362+$AB7/$BD$363+$AC7/$BD$364+$AD7/$BD$365+$AE7/$BD$366+$AF7/$BD$367+$AG7/$BD$369+$AH7/$BD$355+$AI7/$BD$356+$AJ7/$BD$357+$AK7/$BD$368+$AL7/$BD$358) -> 0.20088912 | BI7: =100*(AK7/BD$368)/($O7/$BD$343+$P7/$BD$344+$Q7/$BD$346+$R7/$BD$348+$S7/$BD$350+$T7/$BD$351+$U7/$BD$352+$V7/$BD$353+$W7/$BD$354+$X7/$BD$359+$Y7/$BD$360+$Z7/$BD$361+$AA7/$BD$362+$AB7/$BD$363+$AC7/$BD$364+$AD7/$BD$365+$AE7/$BD$366+$AF7/$BD$367+$AG7/$BD$369+$AH7/$BD$355+$AI7/$BD$356+$AJ7/$BD$357+$AK7/$BD$368+$AL7/$BD$358) -> 0 | BJ7: =100*(AL7/BD$358)/($O7/$BD$343+$P7/$BD$344+$Q7/$BD$346+$R7/$BD$348+$S7/$BD$350+$T7/$BD$351+$U7/$BD$352+$V7/$BD$353+$W7/$BD$354+$X7/$BD$359+$Y7/$BD$360+$Z7/$BD$361+$AA7/$BD$362+$AB7/$BD$363+$AC7/$BD$364+$AD7/$BD$365+$AE7/$BD$366+$AF7/$BD$367+$AG7/$BD$369+$AH7/$BD$355+$AI7/$BD$356+$AJ7/$BD$357+$AK7/$BD$368+$AL7/$BD$358) -> 0 | BK7: =(($AM7*($BK$396+$BJ$396*($BM$389+$I7))+$AN7*($BK$397+$BJ$397*($BM$389+$I7))+$AO7*($BK$398+$BJ$398*($BM$389+$I7))+$AP7*($BK$399+$BJ$399*($BM$389+$I7))+$AR7*($BK$401+$BJ$401*($BM$389+$I7))+$AS7*($BK$402+$BJ$402*($BM$389+$I7))+$AT7*($BK$403+$BJ$403*($BM$389+$I7))+$AU7*($BK$404+$BJ$404*($BM$389+$I7))+$AV7*($BK$405+$BJ$405*($BM$389+$I7))+$AW7*($BK$406+$BJ$406*($BM$389+$I7))+$AX7*($BK$407+$BJ$407*($BM$389+$I7))+$AY7*($BK$408+$BJ$408*($BM$389+$I7))+$AZ7*($BK$409+$BJ$409*($BM$389+$I7))+$BB7*($BK$411+$BJ$411*($BM$389+$I7))+$BC7*($BK$412+$BJ$412*($BM$389+$I7))+$BD7*($BK$413+$BJ$413*($BM$389+$I7))+$BF7*($BK$415+$BJ$415*($BM$389+$I7))+$BI7*($BK$416+$BJ$416*($BM$389+$I7)))/(SUM($AM7:$BJ7)-$AQ7-$BA7-$BE7-$BG7-$BH7-$BJ7)) -> -136.54296 | BL7: =IF($K7=$L7,$BK7,IF(OR($K7="graphite",$K7="vitreous carbon"),$BK$406+($BM$389+$I7)*$BJ$406,IF($K7="Pyrolytic Boron Nitride","PBN",IF(COUNTIF($BH$396:$BH$416,$K7)>0,VLOOKUP($K7,$BH$396:$BK$416,4,FALSE)+($BM$389+$I7)*VLOOKUP($K7,$BH$396:$BK$416,3,FALSE),IF(COUNTIF($L$2:$L6,$K7)>0,VLOOKUP($K7,$L$2:$BK6,52,FALSE),"idk"))))) -> -63.529672 | BM7: 13 | BN7: 7 | BO7: 1 | BP7: FLiBe | BQ7: ORNL | BR7: yes | BT7: 0 | DJ7: 0 | DK7: 0 | DM7: -22.5 | DN7: -31.2 | DO7: -0.5 | DU7: Composizione NOMINALE dei provini | DW7: =SUM(_2025_01_07T12_47_export3[[#This Row],[Ni_wt]:[H_wt]]) -> 100 | DY7: =SUM($AM7:BJ7) -> 100
A8: A0Hastelloy N2015Zheng | B8: 6 | C8: University of Wisconsin Madison | D8: 2016 | E8: Zheng | F8: A0 | G8: static | H8: 0 | I8: 700 | J8: 1000 | K8: Ni | L8: Hastelloy N | N8: 8860000 | O8: 71 | P8: 7 | Q8: 16 | R8: 4 | S8: 0.5 | T8: 0.2 | U8: 0.8 | V8: 0.17 | W8: 0.18 | X8: 1 | Y8: 0.08 | Z8: 0.35 | AM8: =100*(O8/BD$343)/($O8/$BD$343+$P8/$BD$344+$Q8/$BD$346+$R8/$BD$348+$S8/$BD$350+$T8/$BD$351+$U8/$BD$352+$V8/$BD$353+$W8/$BD$354+$X8/$BD$359+$Y8/$BD$360+$Z8/$BD$361+$AA8/$BD$362+$AB8/$BD$363+$AC8/$BD$364+$AD8/$BD$365+$AE8/$BD$366+$AF8/$BD$367+$AG8/$BD$369+$AH8/$BD$355+$AI8/$BD$356+$AJ8/$BD$357+$AK8/$BD$368+$AL8/$BD$358) -> 72.822612 | AN8: =100*(P8/BD$344)/($O8/$BD$343+$P8/$BD$344+$Q8/$BD$346+$R8/$BD$348+$S8/$BD$350+$T8/$BD$351+$U8/$BD$352+$V8/$BD$353+$W8/$BD$354+$X8/$BD$359+$Y8/$BD$360+$Z8/$BD$361+$AA8/$BD$362+$AB8/$BD$363+$AC8/$BD$364+$AD8/$BD$365+$AE8/$BD$366+$AF8/$BD$367+$AG8/$BD$369+$AH8/$BD$355+$AI8/$BD$356+$AJ8/$BD$357+$AK8/$BD$368+$AL8/$BD$358) -> 8.1033894 | AO8: =100*(Q8/BD$346)/($O8/$BD$343+$P8/$BD$344+$Q8/$BD$346+$R8/$BD$348+$S8/$BD$350+$T8/$BD$351+$U8/$BD$352+$V8/$BD$353+$W8/$BD$354+$X8/$BD$359+$Y8/$BD$360+$Z8/$BD$361+$AA8/$BD$362+$AB8/$BD$363+$AC8/$BD$364+$AD8/$BD$365+$AE8/$BD$366+$AF8/$BD$367+$AG8/$BD$369+$AH8/$BD$355+$AI8/$BD$356+$AJ8/$BD$357+$AK8/$BD$368+$AL8/$BD$358) -> 10.03695 | AP8: =100*(R8/BD$348)/($O8/$BD$343+$P8/$BD$344+$Q8/$BD$346+$R8/$BD$348+$S8/$BD$350+$T8/$BD$351+$U8/$BD$352+$V8/$BD$353+$W8/$BD$354+$X8/$BD$359+$Y8/$BD$360+$Z8/$BD$361+$AA8/$BD$362+$AB8/$BD$363+$AC8/$BD$364+$AD8/$BD$365+$AE8/$BD$366+$AF8/$BD$367+$AG8/$BD$369+$AH8/$BD$355+$AI8/$BD$356+$AJ8/$BD$357+$AK8/$BD$368+$AL8/$BD$358) -> 4.3113058 | AQ8: =100*(S8/BD$350)/($O8/$BD$343+$P8/$BD$344+$Q8/$BD$346+$R8/$BD$348+$S8/$BD$350+$T8/$BD$351+$U8/$BD$352+$V8/$BD$353+$W8/$BD$354+$X8/$BD$359+$Y8/$BD$360+$Z8/$BD$361+$AA8/$BD$362+$AB8/$BD$363+$AC8/$BD$364+$AD8/$BD$365+$AE8/$BD$366+$AF8/$BD$367+$AG8/$BD$369+$AH8/$BD$355+$AI8/$BD$356+$AJ8/$BD$357+$AK8/$BD$368+$AL8/$BD$358) -> 0.16375573 | AR8: =100*(T8/BD$351)/($O8/$BD$343+$P8/$BD$344+$Q8/$BD$346+$R8/$BD$348+$S8/$BD$350+$T8/$BD$351+$U8/$BD$352+$V8/$BD$353+$W8/$BD$354+$X8/$BD$359+$Y8/$BD$360+$Z8/$BD$361+$AA8/$BD$362+$AB8/$BD$363+$AC8/$BD$364+$AD8/$BD$365+$AE8/$BD$366+$AF8/$BD$367+$AG8/$BD$369+$AH8/$BD$355+$AI8/$BD$356+$AJ8/$BD$357+$AK8/$BD$368+$AL8/$BD$358) -> 0.20429868 | AS8: =100*(U8/BD$352)/($O8/$BD$343+$P8/$BD$344+$Q8/$BD$346+$R8/$BD$348+$S8/$BD$350+$T8/$BD$351+$U8/$BD$352+$V8/$BD$353+$W8/$BD$354+$X8/$BD$359+$Y8/$BD$360+$Z8/$BD$361+$AA8/$BD$362+$AB8/$BD$363+$AC8/$BD$364+$AD8/$BD$365+$AE8/$BD$366+$AF8/$BD$367+$AG8/$BD$369+$AH8/$BD$355+$AI8/$BD$356+$AJ8/$BD$357+$AK8/$BD$368+$AL8/$BD$358) -> 0.87654324 | AT8: =100*(V8/BD$353)/($O8/$BD$343+$P8/$BD$344+$Q8/$BD$346+$R8/$BD$348+$S8/$BD$350+$T8/$BD$351+$U8/$BD$352+$V8/$BD$353+$W8/$BD$354+$X8/$BD$359+$Y8/$BD$360+$Z8/$BD$361+$AA8/$BD$362+$AB8/$BD$363+$AC8/$BD$364+$AD8/$BD$365+$AE8/$BD$366+$AF8/$BD$367+$AG8/$BD$369+$AH8/$BD$355+$AI8/$BD$356+$AJ8/$BD$357+$AK8/$BD$368+$AL8/$BD$358) -> 0.37929663 | AU8: =100*(W8/BD$354)/($O8/$BD$343+$P8/$BD$344+$Q8/$BD$346+$R8/$BD$348+$S8/$BD$350+$T8/$BD$351+$U8/$BD$352+$V8/$BD$353+$W8/$BD$354+$X8/$BD$359+$Y8/$BD$360+$Z8/$BD$361+$AA8/$BD$362+$AB8/$BD$363+$AC8/$BD$364+$AD8/$BD$365+$AE8/$BD$366+$AF8/$BD$367+$AG8/$BD$369+$AH8/$BD$355+$AI8/$BD$356+$AJ8/$BD$357+$AK8/$BD$368+$AL8/$BD$358) -> 0.22635031 | AV8: =100*(X8/BD$359)/($O8/$BD$343+$P8/$BD$344+$Q8/$BD$346+$R8/$BD$348+$S8/$BD$350+$T8/$BD$351+$U8/$BD$352+$V8/$BD$353+$W8/$BD$354+$X8/$BD$359+$Y8/$BD$360+$Z8/$BD$361+$AA8/$BD$362+$AB8/$BD$363+$AC8/$BD$364+$AD8/$BD$365+$AE8/$BD$366+$AF8/$BD$367+$AG8/$BD$369+$AH8/$BD$355+$AI8/$BD$356+$AJ8/$BD$357+$AK8/$BD$368+$AL8/$BD$358) -> 2.1429906 | AW8: =100*(Y8/BD$360)/($O8/$BD$343+$P8/$BD$344+$Q8/$BD$346+$R8/$BD$348+$S8/$BD$350+$T8/$BD$351+$U8/$BD$352+$V8/$BD$353+$W8/$BD$354+$X8/$BD$359+$Y8/$BD$360+$Z8/$BD$361+$AA8/$BD$362+$AB8/$BD$363+$AC8/$BD$364+$AD8/$BD$365+$AE8/$BD$366+$AF8/$BD$367+$AG8/$BD$369+$AH8/$BD$355+$AI8/$BD$356+$AJ8/$BD$357+$AK8/$BD$368+$AL8/$BD$358) -> 0.40097657 | AX8: =100*(Z8/BD$361)/($O8/$BD$343+$P8/$BD$344+$Q8/$BD$346+$R8/$BD$348+$S8/$BD$350+$T8/$BD$351+$U8/$BD$352+$V8/$BD$353+$W8/$BD$354+$X8/$BD$359+$Y8/$BD$360+$Z8/$BD$361+$AA8/$BD$362+$AB8/$BD$363+$AC8/$BD$364+$AD8/$BD$365+$AE8/$BD$366+$AF8/$BD$367+$AG8/$BD$369+$AH8/$BD$355+$AI8/$BD$356+$AJ8/$BD$357+$AK8/$BD$368+$AL8/$BD$358) -> 0.33153127 | AY8: =100*(AA8/BD$362)/($O8/$BD$343+$P8/$BD$344+$Q8/$BD$346+$R8/$BD$348+$S8/$BD$350+$T8/$BD$351+$U8/$BD$352+$V8/$BD$353+$W8/$BD$354+$X8/$BD$359+$Y8/$BD$360+$Z8/$BD$361+$AA8/$BD$362+$AB8/$BD$363+$AC8/$BD$364+$AD8/$BD$365+$AE8/$BD$366+$AF8/$BD$367+$AG8/$BD$369+$AH8/$BD$355+$AI8/$BD$356+$AJ8/$BD$357+$AK8/$BD$368+$AL8/$BD$358) -> 0 | AZ8: =100*(AB8/BD$363)/($O8/$BD$343+$P8/$BD$344+$Q8/$BD$346+$R8/$BD$348+$S8/$BD$350+$T8/$BD$351+$U8/$BD$352+$V8/$BD$353+$W8/$BD$354+$X8/$BD$359+$Y8/$BD$360+$Z8/$BD$361+$AA8/$BD$362+$AB8/$BD$363+$AC8/$BD$364+$AD8/$BD$365+$AE8/$BD$366+$AF8/$BD$367+$AG8/$BD$369+$AH8/$BD$355+$AI8/$BD$356+$AJ8/$BD$357+$AK8/$BD$368+$AL8/$BD$358) -> 0 | BA8: =100*(AC8/BD$364)/($O8/$BD$343+$P8/$BD$344+$Q8/$BD$346+$R8/$BD$348+$S8/$BD$350+$T8/$BD$351+$U8/$BD$352+$V8/$BD$353+$W8/$BD$354+$X8/$BD$359+$Y8/$BD$360+$Z8/$BD$361+$AA8/$BD$362+$AB8/$BD$363+$AC8/$BD$364+$AD8/$BD$365+$AE8/$BD$366+$AF8/$BD$367+$AG8/$BD$369+$AH8/$BD$355+$AI8/$BD$356+$AJ8/$BD$357+$AK8/$BD$368+$AL8/$BD$358) -> 0 | BB8: =100*(AD8/BD$365)/($O8/$BD$343+$P8/$BD$344+$Q8/$BD$346+$R8/$BD$348+$S8/$BD$350+$T8/$BD$351+$U8/$BD$352+$V8/$BD$353+$W8/$BD$354+$X8/$BD$359+$Y8/$BD$360+$Z8/$BD$361+$AA8/$BD$362+$AB8/$BD$363+$AC8/$BD$364+$AD8/$BD$365+$AE8/$BD$366+$AF8/$BD$367+$AG8/$BD$369+$AH8/$BD$355+$AI8/$BD$356+$AJ8/$BD$357+$AK8/$BD$368+$AL8/$BD$358) -> 0 | BC8: =100*(AE8/BD$366)/($O8/$BD$343+$P8/$BD$344+$Q8/$BD$346+$R8/$BD$348+$S8/$BD$350+$T8/$BD$351+$U8/$BD$352+$V8/$BD$353+$W8/$BD$354+$X8/$BD$359+$Y8/$BD$360+$Z8/$BD$361+$AA8/$BD$362+$AB8/$BD$363+$AC8/$BD$364+$AD8/$BD$365+$AE8/$BD$366+$AF8/$BD$367+$AG8/$BD$369+$AH8/$BD$355+$AI8/$BD$356+$AJ8/$BD$357+$AK8/$BD$368+$AL8/$BD$358) -> 0 | BD8: =100*(AF8/BD$367)/($O8/$BD$343+$P8/$BD$344+$Q8/$BD$346+$R8/$BD$348+$S8/$BD$350+$T8/$BD$351+$U8/$BD$352+$V8/$BD$353+$W8/$BD$354+$X8/$BD$359+$Y8/$BD$360+$Z8/$BD$361+$AA8/$BD$362+$AB8/$BD$363+$AC8/$BD$364+$AD8/$BD$365+$AE8/$BD$366+$AF8/$BD$367+$AG8/$BD$369+$AH8/$BD$355+$AI8/$BD$356+$AJ8/$BD$357+$AK8/$BD$368+$AL8/$BD$358) -> 0 | BE8: =100*(AG8/BD$369)/($O8/$BD$343+$P8/$BD$344+$Q8/$BD$346+$R8/$BD$348+$S8/$BD$350+$T8/$BD$351+$U8/$BD$352+$V8/$BD$353+$W8/$BD$354+$X8/$BD$359+$Y8/$BD$360+$Z8/$BD$361+$AA8/$BD$362+$AB8/$BD$363+$AC8/$BD$364+$AD8/$BD$365+$AE8/$BD$366+$AF8/$BD$367+$AG8/$BD$369+$AH8/$BD$355+$AI8/$BD$356+$AJ8/$BD$357+$AK8/$BD$368+$AL8/$BD$358) -> 0 | BF8: =100*(AH8/BD$355)/($O8/$BD$343+$P8/$BD$344+$Q8/$BD$346+$R8/$BD$348+$S8/$BD$350+$T8/$BD$351+$U8/$BD$352+$V8/$BD$353+$W8/$BD$354+$X8/$BD$359+$Y8/$BD$360+$Z8/$BD$361+$AA8/$BD$362+$AB8/$BD$363+$AC8/$BD$364+$AD8/$BD$365+$AE8/$BD$366+$AF8/$BD$367+$AG8/$BD$369+$AH8/$BD$355+$AI8/$BD$356+$AJ8/$BD$357+$AK8/$BD$368+$AL8/$BD$358) -> 0 | BG8: =100*(AI8/BD$356)/($O8/$BD$343+$P8/$BD$344+$Q8/$BD$346+$R8/$BD$348+$S8/$BD$350+$T8/$BD$351+$U8/$BD$352+$V8/$BD$353+$W8/$BD$354+$X8/$BD$359+$Y8/$BD$360+$Z8/$BD$361+$AA8/$BD$362+$AB8/$BD$363+$AC8/$BD$364+$AD8/$BD$365+$AE8/$BD$366+$AF8/$BD$367+$AG8/$BD$369+$AH8/$BD$355+$AI8/$BD$356+$AJ8/$BD$357+$AK8/$BD$368+$AL8/$BD$358) -> 0 | BH8: =100*(AJ8/BD$357)/($O8/$BD$343+$P8/$BD$344+$Q8/$BD$346+$R8/$BD$348+$S8/$BD$350+$T8/$BD$351+$U8/$BD$352+$V8/$BD$353+$W8/$BD$354+$X8/$BD$359+$Y8/$BD$360+$Z8/$BD$361+$AA8/$BD$362+$AB8/$BD$363+$AC8/$BD$364+$AD8/$BD$365+$AE8/$BD$366+$AF8/$BD$367+$AG8/$BD$369+$AH8/$BD$355+$AI8/$BD$356+$AJ8/$BD$357+$AK8/$BD$368+$AL8/$BD$358) -> 0 | BI8: =100*(AK8/BD$368)/($O8/$BD$343+$P8/$BD$344+$Q8/$BD$346+$R8/$BD$348+$S8/$BD$350+$T8/$BD$351+$U8/$BD$352+$V8/$BD$353+$W8/$BD$354+$X8/$BD$359+$Y8/$BD$360+$Z8/$BD$361+$AA8/$BD$362+$AB8/$BD$363+$AC8/$BD$364+$AD8/$BD$365+$AE8/$BD$366+$AF8/$BD$367+$AG8/$BD$369+$AH8/$BD$355+$AI8/$BD$356+$AJ8/$BD$357+$AK8/$BD$368+$AL8/$BD$358) -> 0 | BJ8: =100*(AL8/BD$358)/($O8/$BD$343+$P8/$BD$344+$Q8/$BD$346+$R8/$BD$348+$S8/$BD$350+$T8/$BD$351+$U8/$BD$352+$V8/$BD$353+$W8/$BD$354+$X8/$BD$359+$Y8/$BD$360+$Z8/$BD$361+$AA8/$BD$362+$AB8/$BD$363+$AC8/$BD$364+$AD8/$BD$365+$AE8/$BD$366+$AF8/$BD$367+$AG8/$BD$369+$AH8/$BD$355+$AI8/$BD$356+$AJ8/$BD$357+$AK8/$BD$368+$AL8/$BD$358) -> 0 | BK8: =(($AM8*($BK$396+$BJ$396*($BM$389+$I8))+$AN8*($BK$397+$BJ$397*($BM$389+$I8))+$AO8*($BK$398+$BJ$398*($BM$389+$I8))+$AP8*($BK$399+$BJ$399*($BM$389+$I8))+$AR8*($BK$401+$BJ$401*($BM$389+$I8))+$AS8*($BK$402+$BJ$402*($BM$389+$I8))+$AT8*($BK$403+$BJ$403*($BM$389+$I8))+$AU8*($BK$404+$BJ$404*($BM$389+$I8))+$AV8*($BK$405+$BJ$405*($BM$389+$I8))+$AW8*($BK$406+$BJ$406*($BM$389+$I8))+$AX8*($BK$407+$BJ$407*($BM$389+$I8))+$AY8*($BK$408+$BJ$408*($BM$389+$I8))+$AZ8*($BK$409+$BJ$409*($BM$389+$I8))+$BB8*($BK$411+$BJ$411*($BM$389+$I8))+$BC8*($BK$412+$BJ$412*($BM$389+$I8))+$BD8*($BK$413+$BJ$413*($BM$389+$I8))+$BF8*($BK$415+$BJ$415*($BM$389+$I8))+$BI8*($BK$416+$BJ$416*($BM$389+$I8)))/(SUM($AM8:$BJ8)-$AQ8-$BA8-$BE8-$BG8-$BH8-$BJ8)) -> -125.28458 | BL8: =IF($K8=$L8,$BK8,IF(OR($K8="graphite",$K8="vitreous carbon"),$BK$406+($BM$389+$I8)*$BJ$406,IF($K8="Pyrolytic Boron Nitride","PBN",IF(COUNTIF($BH$396:$BH$416,$K8)>0,VLOOKUP($K8,$BH$396:$BK$416,4,FALSE)+($BM$389+$I8)*VLOOKUP($K8,$BH$396:$BK$416,3,FALSE),IF(COUNTIF($L$2:$L7,$K8)>0,VLOOKUP($K8,$L$2:$BK7,52,FALSE),"idk"))))) -> -121.74824 | BM8: 13 | BN8: 7 | BO8: 1 | BP8: FLiBe | BQ8: ORNL | BR8: yes | BT8: 0 | DJ8: 0 | DK8: 0 | DM8: -3.5 | DN8: -1.226 | DO8: -0.124 | DU8: Composizione NOMINALE dei provini | DW8: =SUM(_2025_01_07T12_47_export3[[#This Row],[Ni_wt]:[H_wt]]) -> 101.28 | DY8: =SUM($AM8:BJ8) -> 100
A9: A0Hastelloy N2015Zheng | B9: 7 | C9: University of Wisconsin Madison | D9: 2017 | E9: Zheng | F9: A0 | G9: static | H9: 0 | I9: 700 | J9: 1000 | K9: graphite | L9: Hastelloy N | N9: 8860000 | O9: 71 | P9: 7 | Q9: 16 | R9: 4 | S9: 0.5 | T9: 0.2 | U9: 0.8 | V9: 0.17 | W9: 0.18 | X9: 1 | Y9: 0.08 | Z9: 0.35 | AM9: =100*(O9/BD$343)/($O9/$BD$343+$P9/$BD$344+$Q9/$BD$346+$R9/$BD$348+$S9/$BD$350+$T9/$BD$351+$U9/$BD$352+$V9/$BD$353+$W9/$BD$354+$X9/$BD$359+$Y9/$BD$360+$Z9/$BD$361+$AA9/$BD$362+$AB9/$BD$363+$AC9/$BD$364+$AD9/$BD$365+$AE9/$BD$366+$AF9/$BD$367+$AG9/$BD$369+$AH9/$BD$355+$AI9/$BD$356+$AJ9/$BD$357+$AK9/$BD$368+$AL9/$BD$358) -> 72.822612 | AN9: =100*(P9/BD$344)/($O9/$BD$343+$P9/$BD$344+$Q9/$BD$346+$R9/$BD$348+$S9/$BD$350+$T9/$BD$351+$U9/$BD$352+$V9/$BD$353+$W9/$BD$354+$X9/$BD$359+$Y9/$BD$360+$Z9/$BD$361+$AA9/$BD$362+$AB9/$BD$363+$AC9/$BD$364+$AD9/$BD$365+$AE9/$BD$366+$AF9/$BD$367+$AG9/$BD$369+$AH9/$BD$355+$AI9/$BD$356+$AJ9/$BD$357+$AK9/$BD$368+$AL9/$BD$358) -> 8.1033894 | AO9: =100*(Q9/BD$346)/($O9/$BD$343+$P9/$BD$344+$Q9/$BD$346+$R9/$BD$348+$S9/$BD$350+$T9/$BD$351+$U9/$BD$352+$V9/$BD$353+$W9/$BD$354+$X9/$BD$359+$Y9/$BD$360+$Z9/$BD$361+$AA9/$BD$362+$AB9/$BD$363+$AC9/$BD$364+$AD9/$BD$365+$AE9/$BD$366+$AF9/$BD$367+$AG9/$BD$369+$AH9/$BD$355+$AI9/$BD$356+$AJ9/$BD$357+$AK9/$BD$368+$AL9/$BD$358) -> 10.03695 | AP9: =100*(R9/BD$348)/($O9/$BD$343+$P9/$BD$344+$Q9/$BD$346+$R9/$BD$348+$S9/$BD$350+$T9/$BD$351+$U9/$BD$352+$V9/$BD$353+$W9/$BD$354+$X9/$BD$359+$Y9/$BD$360+$Z9/$BD$361+$AA9/$BD$362+$AB9/$BD$363+$AC9/$BD$364+$AD9/$BD$365+$AE9/$BD$366+$AF9/$BD$367+$AG9/$BD$369+$AH9/$BD$355+$AI9/$BD$356+$AJ9/$BD$357+$AK9/$BD$368+$AL9/$BD$358) -> 4.3113058 | AQ9: =100*(S9/BD$350)/($O9/$BD$343+$P9/$BD$344+$Q9/$BD$346+$R9/$BD$348+$S9/$BD$350+$T9/$BD$351+$U9/$BD$352+$V9/$BD$353+$W9/$BD$354+$X9/$BD$359+$Y9/$BD$360+$Z9/$BD$361+$AA9/$BD$362+$AB9/$BD$363+$AC9/$BD$364+$AD9/$BD$365+$AE9/$BD$366+$AF9/$BD$367+$AG9/$BD$369+$AH9/$BD$355+$AI9/$BD$356+$AJ9/$BD$357+$AK9/$BD$368+$AL9/$BD$358) -> 0.16375573 | AR9: =100*(T9/BD$351)/($O9/$BD$343+$P9/$BD$344+$Q9/$BD$346+$R9/$BD$348+$S9/$BD$350+$T9/$BD$351+$U9/$BD$352+$V9/$BD$353+$W9/$BD$354+$X9/$BD$359+$Y9/$BD$360+$Z9/$BD$361+$AA9/$BD$362+$AB9/$BD$363+$AC9/$BD$364+$AD9/$BD$365+$AE9/$BD$366+$AF9/$BD$367+$AG9/$BD$369+$AH9/$BD$355+$AI9/$BD$356+$AJ9/$BD$357+$AK9/$BD$368+$AL9/$BD$358) -> 0.20429868 | AS9: =100*(U9/BD$352)/($O9/$BD$343+$P9/$BD$344+$Q9/$BD$346+$R9/$BD$348+$S9/$BD$350+$T9/$BD$351+$U9/$BD$352+$V9/$BD$353+$W9/$BD$354+$X9/$BD$359+$Y9/$BD$360+$Z9/$BD$361+$AA9/$BD$362+$AB9/$BD$363+$AC9/$BD$364+$AD9/$BD$365+$AE9/$BD$366+$AF9/$BD$367+$AG9/$BD$369+$AH9/$BD$355+$AI9/$BD$356+$AJ9/$BD$357+$AK9/$BD$368+$AL9/$BD$358) -> 0.87654324 | AT9: =100*(V9/BD$353)/($O9/$BD$343+$P9/$BD$344+$Q9/$BD$346+$R9/$BD$348+$S9/$BD$350+$T9/$BD$351+$U9/$BD$352+$V9/$BD$353+$W9/$BD$354+$X9/$BD$359+$Y9/$BD$360+$Z9/$BD$361+$AA9/$BD$362+$AB9/$BD$363+$AC9/$BD$364+$AD9/$BD$365+$AE9/$BD$366+$AF9/$BD$367+$AG9/$BD$369+$AH9/$BD$355+$AI9/$BD$356+$AJ9/$BD$357+$AK9/$BD$368+$AL9/$BD$358) -> 0.37929663 | AU9: =100*(W9/BD$354)/($O9/$BD$343+$P9/$BD$344+$Q9/$BD$346+$R9/$BD$348+$S9/$BD$350+$T9/$BD$351+$U9/$BD$352+$V9/$BD$353+$W9/$BD$354+$X9/$BD$359+$Y9/$BD$360+$Z9/$BD$361+$AA9/$BD$362+$AB9/$BD$363+$AC9/$BD$364+$AD9/$BD$365+$AE9/$BD$366+$AF9/$BD$367+$AG9/$BD$369+$AH9/$BD$355+$AI9/$BD$356+$AJ9/$BD$357+$AK9/$BD$368+$AL9/$BD$358) -> 0.22635031 | AV9: =100*(X9/BD$359)/($O9/$BD$343+$P9/$BD$344+$Q9/$BD$346+$R9/$BD$348+$S9/$BD$350+$T9/$BD$351+$U9/$BD$352+$V9/$BD$353+$W9/$BD$354+$X9/$BD$359+$Y9/$BD$360+$Z9/$BD$361+$AA9/$BD$362+$AB9/$BD$363+$AC9/$BD$364+$AD9/$BD$365+$AE9/$BD$366+$AF9/$BD$367+$AG9/$BD$369+$AH9/$BD$355+$AI9/$BD$356+$AJ9/$BD$357+$AK9/$BD$368+$AL9/$BD$358) -> 2.1429906 | AW9: =100*(Y9/BD$360)/($O9/$BD$343+$P9/$BD$344+$Q9/$BD$346+$R9/$BD$348+$S9/$BD$350+$T9/$BD$351+$U9/$BD$352+$V9/$BD$353+$W9/$BD$354+$X9/$BD$359+$Y9/$BD$360+$Z9/$BD$361+$AA9/$BD$362+$AB9/$BD$363+$AC9/$BD$364+$AD9/$BD$365+$AE9/$BD$366+$AF9/$BD$367+$AG9/$BD$369+$AH9/$BD$355+$AI9/$BD$356+$AJ9/$BD$357+$AK9/$BD$368+$AL9/$BD$358) -> 0.40097657 | AX9: =100*(Z9/BD$361)/($O9/$BD$343+$P9/$BD$344+$Q9/$BD$346+$R9/$BD$348+$S9/$BD$350+$T9/$BD$351+$U9/$BD$352+$V9/$BD$353+$W9/$BD$354+$X9/$BD$359+$Y9/$BD$360+$Z9/$BD$361+$AA9/$BD$362+$AB9/$BD$363+$AC9/$BD$364+$AD9/$BD$365+$AE9/$BD$366+$AF9/$BD$367+$AG9/$BD$369+$AH9/$BD$355+$AI9/$BD$356+$AJ9/$BD$357+$AK9/$BD$368+$AL9/$BD$358) -> 0.33153127 | AY9: =100*(AA9/BD$362)/($O9/$BD$343+$P9/$BD$344+$Q9/$BD$346+$R9/$BD$348+$S9/$BD$350+$T9/$BD$351+$U9/$BD$352+$V9/$BD$353+$W9/$BD$354+$X9/$BD$359+$Y9/$BD$360+$Z9/$BD$361+$AA9/$BD$362+$AB9/$BD$363+$AC9/$BD$364+$AD9/$BD$365+$AE9/$BD$366+$AF9/$BD$367+$AG9/$BD$369+$AH9/$BD$355+$AI9/$BD$356+$AJ9/$BD$357+$AK9/$BD$368+$AL9/$BD$358) -> 0 | AZ9: =100*(AB9/BD$363)/($O9/$BD$343+$P9/$BD$344+$Q9/$BD$346+$R9/$BD$348+$S9/$BD$350+$T9/$BD$351+$U9/$BD$352+$V9/$BD$353+$W9/$BD$354+$X9/$BD$359+$Y9/$BD$360+$Z9/$BD$361+$AA9/$BD$362+$AB9/$BD$363+$AC9/$BD$364+$AD9/$BD$365+$AE9/$BD$366+$AF9/$BD$367+$AG9/$BD$369+$AH9/$BD$355+$AI9/$BD$356+$AJ9/$BD$357+$AK9/$BD$368+$AL9/$BD$358) -> 0 | BA9: =100*(AC9/BD$364)/($O9/$BD$343+$P9/$BD$344+$Q9/$BD$346+$R9/$BD$348+$S9/$BD$350+$T9/$BD$351+$U9/$BD$352+$V9/$BD$353+$W9/$BD$354+$X9/$BD$359+$Y9/$BD$360+$Z9/$BD$361+$AA9/$BD$362+$AB9/$BD$363+$AC9/$BD$364+$AD9/$BD$365+$AE9/$BD$366+$AF9/$BD$367+$AG9/$BD$369+$AH9/$BD$355+$AI9/$BD$356+$AJ9/$BD$357+$AK9/$BD$368+$AL9/$BD$358) -> 0 | BB9: =100*(AD9/BD$365)/($O9/$BD$343+$P9/$BD$344+$Q9/$BD$346+$R9/$BD$348+$S9/$BD$350+$T9/$BD$351+$U9/$BD$352+$V9/$BD$353+$W9/$BD$354+$X9/$BD$359+$Y9/$BD$360+$Z9/$BD$361+$AA9/$BD$362+$AB9/$BD$363+$AC9/$BD$364+$AD9/$BD$365+$AE9/$BD$366+$AF9/$BD$367+$AG9/$BD$369+$AH9/$BD$355+$AI9/$BD$356+$AJ9/$BD$357+$AK9/$BD$368+$AL9/$BD$358) -> 0 | BC9: =100*(AE9/BD$366)/($O9/$BD$343+$P9/$BD$344+$Q9/$BD$346+$R9/$BD$348+$S9/$BD$350+$T9/$BD$351+$U9/$BD$352+$V9/$BD$353+$W9/$BD$354+$X9/$BD$359+$Y9/$BD$360+$Z9/$BD$361+$AA9/$BD$362+$AB9/$BD$363+$AC9/$BD$364+$AD9/$BD$365+$AE9/$BD$366+$AF9/$BD$367+$AG9/$BD$369+$AH9/$BD$355+$AI9/$BD$356+$AJ9/$BD$357+$AK9/$BD$368+$AL9/$BD$358) -> 0 | BD9: =100*(AF9/BD$367)/($O9/$BD$343+$P9/$BD$344+$Q9/$BD$346+$R9/$BD$348+$S9/$BD$350+$T9/$BD$351+$U9/$BD$352+$V9/$BD$353+$W9/$BD$354+$X9/$BD$359+$Y9/$BD$360+$Z9/$BD$361+$AA9/$BD$362+$AB9/$BD$363+$AC9/$BD$364+$AD9/$BD$365+$AE9/$BD$366+$AF9/$BD$367+$AG9/$BD$369+$AH9/$BD$355+$AI9/$BD$356+$AJ9/$BD$357+$AK9/$BD$368+$AL9/$BD$358) -> 0 | BE9: =100*(AG9/BD$369)/($O9/$BD$343+$P9/$BD$344+$Q9/$BD$346+$R9/$BD$348+$S9/$BD$350+$T9/$BD$351+$U9/$BD$352+$V9/$BD$353+$W9/$BD$354+$X9/$BD$359+$Y9/$BD$360+$Z9/$BD$361+$AA9/$BD$362+$AB9/$BD$363+$AC9/$BD$364+$AD9/$BD$365+$AE9/$BD$366+$AF9/$BD$367+$AG9/$BD$369+$AH9/$BD$355+$AI9/$BD$356+$AJ9/$BD$357+$AK9/$BD$368+$AL9/$BD$358) -> 0 | BF9: =100*(AH9/BD$355)/($O9/$BD$343+$P9/$BD$344+$Q9/$BD$346+$R9/$BD$348+$S9/$BD$350+$T9/$BD$351+$U9/$BD$352+$V9/$BD$353+$W9/$BD$354+$X9/$BD$359+$Y9/$BD$360+$Z9/$BD$361+$AA9/$BD$362+$AB9/$BD$363+$AC9/$BD$364+$AD9/$BD$365+$AE9/$BD$366+$AF9/$BD$367+$AG9/$BD$369+$AH9/$BD$355+$AI9/$BD$356+$AJ9/$BD$357+$AK9/$BD$368+$AL9/$BD$358) -> 0 | BG9: =100*(AI9/BD$356)/($O9/$BD$343+$P9/$BD$344+$Q9/$BD$346+$R9/$BD$348+$S9/$BD$350+$T9/$BD$351+$U9/$BD$352+$V9/$BD$353+$W9/$BD$354+$X9/$BD$359+$Y9/$BD$360+$Z9/$BD$361+$AA9/$BD$362+$AB9/$BD$363+$AC9/$BD$364+$AD9/$BD$365+$AE9/$BD$366+$AF9/$BD$367+$AG9/$BD$369+$AH9/$BD$355+$AI9/$BD$356+$AJ9/$BD$357+$AK9/$BD$368+$AL9/$BD$358) -> 0 | BH9: =100*(AJ9/BD$357)/($O9/$BD$343+$P9/$BD$344+$Q9/$BD$346+$R9/$BD$348+$S9/$BD$350+$T9/$BD$351+$U9/$BD$352+$V9/$BD$353+$W9/$BD$354+$X9/$BD$359+$Y9/$BD$360+$Z9/$BD$361+$AA9/$BD$362+$AB9/$BD$363+$AC9/$BD$364+$AD9/$BD$365+$AE9/$BD$366+$AF9/$BD$367+$AG9/$BD$369+$AH9/$BD$355+$AI9/$BD$356+$AJ9/$BD$357+$AK9/$BD$368+$AL9/$BD$358) -> 0 | BI9: =100*(AK9/BD$368)/($O9/$BD$343+$P9/$BD$344+$Q9/$BD$346+$R9/$BD$348+$S9/$BD$350+$T9/$BD$351+$U9/$BD$352+$V9/$BD$353+$W9/$BD$354+$X9/$BD$359+$Y9/$BD$360+$Z9/$BD$361+$AA9/$BD$362+$AB9/$BD$363+$AC9/$BD$364+$AD9/$BD$365+$AE9/$BD$366+$AF9/$BD$367+$AG9/$BD$369+$AH9/$BD$355+$AI9/$BD$356+$AJ9/$BD$357+$AK9/$BD$368+$AL9/$BD$358) -> 0 | BJ9: =100*(AL9/BD$358)/($O9/$BD$343+$P9/$BD$344+$Q9/$BD$346+$R9/$BD$348+$S9/$BD$350+$T9/$BD$351+$U9/$BD$352+$V9/$BD$353+$W9/$BD$354+$X9/$BD$359+$Y9/$BD$360+$Z9/$BD$361+$AA9/$BD$362+$AB9/$BD$363+$AC9/$BD$364+$AD9/$BD$365+$AE9/$BD$366+$AF9/$BD$367+$AG9/$BD$369+$AH9/$BD$355+$AI9/$BD$356+$AJ9/$BD$357+$AK9/$BD$368+$AL9/$BD$358) -> 0 | BK9: =(($AM9*($BK$396+$BJ$396*($BM$389+$I9))+$AN9*($BK$397+$BJ$397*($BM$389+$I9))+$AO9*($BK$398+$BJ$398*($BM$389+$I9))+$AP9*($BK$399+$BJ$399*($BM$389+$I9))+$AR9*($BK$401+$BJ$401*($BM$389+$I9))+$AS9*($BK$402+$BJ$402*($BM$389+$I9))+$AT9*($BK$403+$BJ$403*($BM$389+$I9))+$AU9*($BK$404+$BJ$404*($BM$389+$I9))+$AV9*($BK$405+$BJ$405*($BM$389+$I9))+$AW9*($BK$406+$BJ$406*($BM$389+$I9))+$AX9*($BK$407+$BJ$407*($BM$389+$I9))+$AY9*($BK$408+$BJ$408*($BM$389+$I9))+$AZ9*($BK$409+$BJ$409*($BM$389+$I9))+$BB9*($BK$411+$BJ$411*($BM$389+$I9))+$BC9*($BK$412+$BJ$412*($BM$389+$I9))+$BD9*($BK$413+$BJ$413*($BM$389+$I9))+$BF9*($BK$415+$BJ$415*($BM$389+$I9))+$BI9*($BK$416+$BJ$416*($BM$389+$I9)))/(SUM($AM9:$BJ9)-$AQ9-$BA9-$BE9-$BG9-$BH9-$BJ9)) -> -125.28458 | BL9: =IF($K9=$L9,$BK9,IF(OR($K9="graphite",$K9="vitreous carbon"),$BK$406+($BM$389+$I9)*$BJ$406,IF($K9="Pyrolytic Boron Nitride","PBN",IF(COUNTIF($BH$396:$BH$416,$K9)>0,VLOOKUP($K9,$BH$396:$BK$416,4,FALSE)+($BM$389+$I9)*VLOOKUP($K9,$BH$396:$BK$416,3,FALSE),IF(COUNTIF($L$2:$L8,$K9)>0,VLOOKUP($K9,$L$2:$BK8,52,FALSE),"idk"))))) -> -63.529672 | BM9: 13 | BN9: 7 | BO9: 1 | BP9: FLiBe | BQ9: ORNL | BR9: yes | BT9: 0 | DJ9: 0 | DK9: 0 | DM9: -9 | DN9: -17.1 | DO9: 0.165 | DU9: Composizione NOMINALE dei provini | DW9: =SUM(_2025_01_07T12_47_export3[[#This Row],[Ni_wt]:[H_wt]]) -> 101.28 | DY9: =SUM($AM9:BJ9) -> 100
A10: A0Ni-20 Cr2015Zheng | B10: 8 | C10: University of Wisconsin Madison | D10: 2015 | E10: Zheng | F10: A0 | G10: static | H10: 0 | I10: 700 | J10: 50 | K10: Ni | L10: Ni-20 Cr | N10: 8570000 | O10: 80 | P10: 20 | AM10: =100*(O10/BD$343)/($O10/$BD$343+$P10/$BD$344+$Q10/$BD$346+$R10/$BD$348+$S10/$BD$350+$T10/$BD$351+$U10/$BD$352+$V10/$BD$353+$W10/$BD$354+$X10/$BD$359+$Y10/$BD$360+$Z10/$BD$361+$AA10/$BD$362+$AB10/$BD$363+$AC10/$BD$364+$AD10/$BD$365+$AE10/$BD$366+$AF10/$BD$367+$AG10/$BD$369+$AH10/$BD$355+$AI10/$BD$356+$AJ10/$BD$357+$AK10/$BD$368+$AL10/$BD$358) -> 77.993176 | AN10: =100*(P10/BD$344)/($O10/$BD$343+$P10/$BD$344+$Q10/$BD$346+$R10/$BD$348+$S10/$BD$350+$T10/$BD$351+$U10/$BD$352+$V10/$BD$353+$W10/$BD$354+$X10/$BD$359+$Y10/$BD$360+$Z10/$BD$361+$AA10/$BD$362+$AB10/$BD$363+$AC10/$BD$364+$AD10/$BD$365+$AE10/$BD$366+$AF10/$BD$367+$AG10/$BD$369+$AH10/$BD$355+$AI10/$BD$356+$AJ10/$BD$357+$AK10/$BD$368+$AL10/$BD$358) -> 22.006824 | AO10: =100*(Q10/BD$346)/($O10/$BD$343+$P10/$BD$344+$Q10/$BD$346+$R10/$BD$348+$S10/$BD$350+$T10/$BD$351+$U10/$BD$352+$V10/$BD$353+$W10/$BD$354+$X10/$BD$359+$Y10/$BD$360+$Z10/$BD$361+$AA10/$BD$362+$AB10/$BD$363+$AC10/$BD$364+$AD10/$BD$365+$AE10/$BD$366+$AF10/$BD$367+$AG10/$BD$369+$AH10/$BD$355+$AI10/$BD$356+$AJ10/$BD$357+$AK10/$BD$368+$AL10/$BD$358) -> 0 | AP10: =100*(R10/BD$348)/($O10/$BD$343+$P10/$BD$344+$Q10/$BD$346+$R10/$BD$348+$S10/$BD$350+$T10/$BD$351+$U10/$BD$352+$V10/$BD$353+$W10/$BD$354+$X10/$BD$359+$Y10/$BD$360+$Z10/$BD$361+$AA10/$BD$362+$AB10/$BD$363+$AC10/$BD$364+$AD10/$BD$365+$AE10/$BD$366+$AF10/$BD$367+$AG10/$BD$369+$AH10/$BD$355+$AI10/$BD$356+$AJ10/$BD$357+$AK10/$BD$368+$AL10/$BD$358) -> 0 | AQ10: =100*(S10/BD$350)/($O10/$BD$343+$P10/$BD$344+$Q10/$BD$346+$R10/$BD$348+$S10/$BD$350+$T10/$BD$351+$U10/$BD$352+$V10/$BD$353+$W10/$BD$354+$X10/$BD$359+$Y10/$BD$360+$Z10/$BD$361+$AA10/$BD$362+$AB10/$BD$363+$AC10/$BD$364+$AD10/$BD$365+$AE10/$BD$366+$AF10/$BD$367+$AG10/$BD$369+$AH10/$BD$355+$AI10/$BD$356+$AJ10/$BD$357+$AK10/$BD$368+$AL10/$BD$358) -> 0 | AR10: =100*(T10/BD$351)/($O10/$BD$343+$P10/$BD$344+$Q10/$BD$346+$R10/$BD$348+$S10/$BD$350+$T10/$BD$351+$U10/$BD$352+$V10/$BD$353+$W10/$BD$354+$X10/$BD$359+$Y10/$BD$360+$Z10/$BD$361+$AA10/$BD$362+$AB10/$BD$363+$AC10/$BD$364+$AD10/$BD$365+$AE10/$BD$366+$AF10/$BD$367+$AG10/$BD$369+$AH10/$BD$355+$AI10/$BD$356+$AJ10/$BD$357+$AK10/$BD$368+$AL10/$BD$358) -> 0 | AS10: =100*(U10/BD$352)/($O10/$BD$343+$P10/$BD$344+$Q10/$BD$346+$R10/$BD$348+$S10/$BD$350+$T10/$BD$351+$U10/$BD$352+$V10/$BD$353+$W10/$BD$354+$X10/$BD$359+$Y10/$BD$360+$Z10/$BD$361+$AA10/$BD$362+$AB10/$BD$363+$AC10/$BD$364+$AD10/$BD$365+$AE10/$BD$366+$AF10/$BD$367+$AG10/$BD$369+$AH10/$BD$355+$AI10/$BD$356+$AJ10/$BD$357+$AK10/$BD$368+$AL10/$BD$358) -> 0 | AT10: =100*(V10/BD$353)/($O10/$BD$343+$P10/$BD$344+$Q10/$BD$346+$R10/$BD$348+$S10/$BD$350+$T10/$BD$351+$U10/$BD$352+$V10/$BD$353+$W10/$BD$354+$X10/$BD$359+$Y10/$BD$360+$Z10/$BD$361+$AA10/$BD$362+$AB10/$BD$363+$AC10/$BD$364+$AD10/$BD$365+$AE10/$BD$366+$AF10/$BD$367+$AG10/$BD$369+$AH10/$BD$355+$AI10/$BD$356+$AJ10/$BD$357+$AK10/$BD$368+$AL10/$BD$358) -> 0 | AU10: =100*(W10/BD$354)/($O10/$BD$343+$P10/$BD$344+$Q10/$BD$346+$R10/$BD$348+$S10/$BD$350+$T10/$BD$351+$U10/$BD$352+$V10/$BD$353+$W10/$BD$354+$X10/$BD$359+$Y10/$BD$360+$Z10/$BD$361+$AA10/$BD$362+$AB10/$BD$363+$AC10/$BD$364+$AD10/$BD$365+$AE10/$BD$366+$AF10/$BD$367+$AG10/$BD$369+$AH10/$BD$355+$AI10/$BD$356+$AJ10/$BD$357+$AK10/$BD$368+$AL10/$BD$358) -> 0 | AV10: =100*(X10/BD$359)/($O10/$BD$343+$P10/$BD$344+$Q10/$BD$346+$R10/$BD$348+$S10/$BD$350+$T10/$BD$351+$U10/$BD$352+$V10/$BD$353+$W10/$BD$354+$X10/$BD$359+$Y10/$BD$360+$Z10/$BD$361+$AA10/$BD$362+$AB10/$BD$363+$AC10/$BD$364+$AD10/$BD$365+$AE10/$BD$366+$AF10/$BD$367+$AG10/$BD$369+$AH10/$BD$355+$AI10/$BD$356+$AJ10/$BD$357+$AK10/$BD$368+$AL10/$BD$358) -> 0 | AW10: =100*(Y10/BD$360)/($O10/$BD$343+$P10/$BD$344+$Q10/$BD$346+$R10/$BD$348+$S10/$BD$350+$T10/$BD$351+$U10/$BD$352+$V10/$BD$353+$W10/$BD$354+$X10/$BD$359+$Y10/$BD$360+$Z10/$BD$361+$AA10/$BD$362+$AB10/$BD$363+$AC10/$BD$364+$AD10/$BD$365+$AE10/$BD$366+$AF10/$BD$367+$AG10/$BD$369+$AH10/$BD$355+$AI10/$BD$356+$AJ10/$BD$357+$AK10/$BD$368+$AL10/$BD$358) -> 0 | AX10: =100*(Z10/BD$361)/($O10/$BD$343+$P10/$BD$344+$Q10/$BD$346+$R10/$BD$348+$S10/$BD$350+$T10/$BD$351+$U10/$BD$352+$V10/$BD$353+$W10/$BD$354+$X10/$BD$359+$Y10/$BD$360+$Z10/$BD$361+$AA10/$BD$362+$AB10/$BD$363+$AC10/$BD$364+$AD10/$BD$365+$AE10/$BD$366+$AF10/$BD$367+$AG10/$BD$369+$AH10/$BD$355+$AI10/$BD$356+$AJ10/$BD$357+$AK10/$BD$368+$AL10/$BD$358) -> 0 | AY10: =100*(AA10/BD$362)/($O10/$BD$343+$P10/$BD$344+$Q10/$BD$346+$R10/$BD$348+$S10/$BD$350+$T10/$BD$351+$U10/$BD$352+$V10/$BD$353+$W10/$BD$354+$X10/$BD$359+$Y10/$BD$360+$Z10/$BD$361+$AA10/$BD$362+$AB10/$BD$363+$AC10/$BD$364+$AD10/$BD$365+$AE10/$BD$366+$AF10/$BD$367+$AG10/$BD$369+$AH10/$BD$355+$AI10/$BD$356+$AJ10/$BD$357+$AK10/$BD$368+$AL10/$BD$358) -> 0 | AZ10: =100*(AB10/BD$363)/($O10/$BD$343+$P10/$BD$344+$Q10/$BD$346+$R10/$BD$348+$S10/$BD$350+$T10/$BD$351+$U10/$BD$352+$V10/$BD$353+$W10/$BD$354+$X10/$BD$359+$Y10/$BD$360+$Z10/$BD$361+$AA10/$BD$362+$AB10/$BD$363+$AC10/$BD$364+$AD10/$BD$365+$AE10/$BD$366+$AF10/$BD$367+$AG10/$BD$369+$AH10/$BD$355+$AI10/$BD$356+$AJ10/$BD$357+$AK10/$BD$368+$AL10/$BD$358) -> 0 | BA10: =100*(AC10/BD$364)/($O10/$BD$343+$P10/$BD$344+$Q10/$BD$346+$R10/$BD$348+$S10/$BD$350+$T10/$BD$351+$U10/$BD$352+$V10/$BD$353+$W10/$BD$354+$X10/$BD$359+$Y10/$BD$360+$Z10/$BD$361+$AA10/$BD$362+$AB10/$BD$363+$AC10/$BD$364+$AD10/$BD$365+$AE10/$BD$366+$AF10/$BD$367+$AG10/$BD$369+$AH10/$BD$355+$AI10/$BD$356+$AJ10/$BD$357+$AK10/$BD$368+$AL10/$BD$358) -> 0 | BB10: =100*(AD10/BD$365)/($O10/$BD$343+$P10/$BD$344+$Q10/$BD$346+$R10/$BD$348+$S10/$BD$350+$T10/$BD$351+$U10/$BD$352+$V10/$BD$353+$W10/$BD$354+$X10/$BD$359+$Y10/$BD$360+$Z10/$BD$361+$AA10/$BD$362+$AB10/$BD$363+$AC10/$BD$364+$AD10/$BD$365+$AE10/$BD$366+$AF10/$BD$367+$AG10/$BD$369+$AH10/$BD$355+$AI10/$BD$356+$AJ10/$BD$357+$AK10/$BD$368+$AL10/$BD$358) -> 0 | BC10: =100*(AE10/BD$366)/($O10/$BD$343+$P10/$BD$344+$Q10/$BD$346+$R10/$BD$348+$S10/$BD$350+$T10/$BD$351+$U10/$BD$352+$V10/$BD$353+$W10/$BD$354+$X10/$BD$359+$Y10/$BD$360+$Z10/$BD$361+$AA10/$BD$362+$AB10/$BD$363+$AC10/$BD$364+$AD10/$BD$365+$AE10/$BD$366+$AF10/$BD$367+$AG10/$BD$369+$AH10/$BD$355+$AI10/$BD$356+$AJ10/$BD$357+$AK10/$BD$368+$AL10/$BD$358) -> 0 | BD10: =100*(AF10/BD$367)/($O10/$BD$343+$P10/$BD$344+$Q10/$BD$346+$R10/$BD$348+$S10/$BD$350+$T10/$BD$351+$U10/$BD$352+$V10/$BD$353+$W10/$BD$354+$X10/$BD$359+$Y10/$BD$360+$Z10/$BD$361+$AA10/$BD$362+$AB10/$BD$363+$AC10/$BD$364+$AD10/$BD$365+$AE10/$BD$366+$AF10/$BD$367+$AG10/$BD$369+$AH10/$BD$355+$AI10/$BD$356+$AJ10/$BD$357+$AK10/$BD$368+$AL10/$BD$358) -> 0 | BE10: =100*(AG10/BD$369)/($O10/$BD$343+$P10/$BD$344+$Q10/$BD$346+$R10/$BD$348+$S10/$BD$350+$T10/$BD$351+$U10/$BD$352+$V10/$BD$353+$W10/$BD$354+$X10/$BD$359+$Y10/$BD$360+$Z10/$BD$361+$AA10/$BD$362+$AB10/$BD$363+$AC10/$BD$364+$AD10/$BD$365+$AE10/$BD$366+$AF10/$BD$367+$AG10/$BD$369+$AH10/$BD$355+$AI10/$BD$356+$AJ10/$BD$357+$AK10/$BD$368+$AL10/$BD$358) -> 0 | BF10: =100*(AH10/BD$355)/($O10/$BD$343+$P10/$BD$344+$Q10/$BD$346+$R10/$BD$348+$S10/$BD$350+$T10/$BD$351+$U10/$BD$352+$V10/$BD$353+$W10/$BD$354+$X10/$BD$359+$Y10/$BD$360+$Z10/$BD$361+$AA10/$BD$362+$AB10/$BD$363+$AC10/$BD$364+$AD10/$BD$365+$AE10/$BD$366+$AF10/$BD$367+$AG10/$BD$369+$AH10/$BD$355+$AI10/$BD$356+$AJ10/$BD$357+$AK10/$BD$368+$AL10/$BD$358) -> 0 | BG10: =100*(AI10/BD$356)/($O10/$BD$343+$P10/$BD$344+$Q10/$BD$346+$R10/$BD$348+$S10/$BD$350+$T10/$BD$351+$U10/$BD$352+$V10/$BD$353+$W10/$BD$354+$X10/$BD$359+$Y10/$BD$360+$Z10/$BD$361+$AA10/$BD$362+$AB10/$BD$363+$AC10/$BD$364+$AD10/$BD$365+$AE10/$BD$366+$AF10/$BD$367+$AG10/$BD$369+$AH10/$BD$355+$AI10/$BD$356+$AJ10/$BD$357+$AK10/$BD$368+$AL10/$BD$358) -> 0 | BH10: =100*(AJ10/BD$357)/($O10/$BD$343+$P10/$BD$344+$Q10/$BD$346+$R10/$BD$348+$S10/$BD$350+$T10/$BD$351+$U10/$BD$352+$V10/$BD$353+$W10/$BD$354+$X10/$BD$359+$Y10/$BD$360+$Z10/$BD$361+$AA10/$BD$362+$AB10/$BD$363+$AC10/$BD$364+$AD10/$BD$365+$AE10/$BD$366+$AF10/$BD$367+$AG10/$BD$369+$AH10/$BD$355+$AI10/$BD$356+$AJ10/$BD$357+$AK10/$BD$368+$AL10/$BD$358) -> 0 | BI10: =100*(AK10/BD$368)/($O10/$BD$343+$P10/$BD$344+$Q10/$BD$346+$R10/$BD$348+$S10/$BD$350+$T10/$BD$351+$U10/$BD$352+$V10/$BD$353+$W10/$BD$354+$X10/$BD$359+$Y10/$BD$360+$Z10/$BD$361+$AA10/$BD$362+$AB10/$BD$363+$AC10/$BD$364+$AD10/$BD$365+$AE10/$BD$366+$AF10/$BD$367+$AG10/$BD$369+$AH10/$BD$355+$AI10/$BD$356+$AJ10/$BD$357+$AK10/$BD$368+$AL10/$BD$358) -> 0 | BJ10: =100*(AL10/BD$358)/($O10/$BD$343+$P10/$BD$344+$Q10/$BD$346+$R10/$BD$348+$S10/$BD$350+$T10/$BD$351+$U10/$BD$352+$V10/$BD$353+$W10/$BD$354+$X10/$BD$359+$Y10/$BD$360+$Z10/$BD$361+$AA10/$BD$362+$AB10/$BD$363+$AC10/$BD$364+$AD10/$BD$365+$AE10/$BD$366+$AF10/$BD$367+$AG10/$BD$369+$AH10/$BD$355+$AI10/$BD$356+$AJ10/$BD$357+$AK10/$BD$368+$AL10/$BD$358) -> 0 | BK10: =(($AM10*($BK$396+$BJ$396*($BM$389+$I10))+$AN10*($BK$397+$BJ$397*($BM$389+$I10))+$AO10*($BK$398+$BJ$398*($BM$389+$I10))+$AP10*($BK$399+$BJ$399*($BM$389+$I10))+$AR10*($BK$401+$BJ$401*($BM$389+$I10))+$AS10*($BK$402+$BJ$402*($BM$389+$I10))+$AT10*($BK$403+$BJ$403*($BM$389+$I10))+$AU10*($BK$404+$BJ$404*($BM$389+$I10))+$AV10*($BK$405+$BJ$405*($BM$389+$I10))+$AW10*($BK$406+$BJ$406*($BM$389+$I10))+$AX10*($BK$407+$BJ$407*($BM$389+$I10))+$AY10*($BK$408+$BJ$408*($BM$389+$I10))+$AZ10*($BK$409+$BJ$409*($BM$389+$I10))+$BB10*($BK$411+$BJ$411*($BM$389+$I10))+$BC10*($BK$412+$BJ$412*($BM$389+$I10))+$BD10*($BK$413+$BJ$413*($BM$389+$I10))+$BF10*($BK$415+$BJ$415*($BM$389+$I10))+$BI10*($BK$416+$BJ$416*($BM$389+$I10)))/(SUM($AM10:$BJ10)-$AQ10-$BA10-$BE10-$BG10-$BH10-$BJ10)) -> -127.90838 | BL10: =IF($K10=$L10,$BK10,IF(OR($K10="graphite",$K10="vitreous carbon"),$BK$406+($BM$389+$I10)*$BJ$406,IF($K10="Pyrolytic Boron Nitride","PBN",IF(COUNTIF($BH$396:$BH$416,$K10)>0,VLOOKUP($K10,$BH$396:$BK$416,4,FALSE)+($BM$389+$I10)*VLOOKUP($K10,$BH$396:$BK$416,3,FALSE),IF(COUNTIF($L$2:$L9,$K10)>0,VLOOKUP($K10,$L$2:$BK9,52,FALSE),"idk"))))) -> -121.74824 | BM10: 12.7 | BN10: 6.3 | BO10: 2.3 | BP10: FLiBe | BQ10: ORNL | BR10: yes | BT10: 0 | DJ10: 0 | DK10: 0 | DM10: -18.2 | DO10: -0.67 | DQ10: 1714000 | DR10: 2 | DS10: 3 | DU10: Composizione NOMINALE dei provini | DW10: =SUM(_2025_01_07T12_47_export3[[#This Row],[Ni_wt]:[H_wt]]) -> 100 | DY10: =SUM($AM10:BJ10) -> 100
A11: A0Ni-20 Cr2015Zheng | B11: 9 | C11: University of Wisconsin Madison | D11: 2015 | E11: Zheng | F11: A0 | G11: static | H11: 0 | I11: 700 | J11: 500 | K11: Ni | L11: Ni-20 Cr | N11: 8570000 | O11: 80 | P11: 20 | AM11: =100*(O11/BD$343)/($O11/$BD$343+$P11/$BD$344+$Q11/$BD$346+$R11/$BD$348+$S11/$BD$350+$T11/$BD$351+$U11/$BD$352+$V11/$BD$353+$W11/$BD$354+$X11/$BD$359+$Y11/$BD$360+$Z11/$BD$361+$AA11/$BD$362+$AB11/$BD$363+$AC11/$BD$364+$AD11/$BD$365+$AE11/$BD$366+$AF11/$BD$367+$AG11/$BD$369+$AH11/$BD$355+$AI11/$BD$356+$AJ11/$BD$357+$AK11/$BD$368+$AL11/$BD$358) -> 77.993176 | AN11: =100*(P11/BD$344)/($O11/$BD$343+$P11/$BD$344+$Q11/$BD$346+$R11/$BD$348+$S11/$BD$350+$T11/$BD$351+$U11/$BD$352+$V11/$BD$353+$W11/$BD$354+$X11/$BD$359+$Y11/$BD$360+$Z11/$BD$361+$AA11/$BD$362+$AB11/$BD$363+$AC11/$BD$364+$AD11/$BD$365+$AE11/$BD$366+$AF11/$BD$367+$AG11/$BD$369+$AH11/$BD$355+$AI11/$BD$356+$AJ11/$BD$357+$AK11/$BD$368+$AL11/$BD$358) -> 22.006824 | AO11: =100*(Q11/BD$346)/($O11/$BD$343+$P11/$BD$344+$Q11/$BD$346+$R11/$BD$348+$S11/$BD$350+$T11/$BD$351+$U11/$BD$352+$V11/$BD$353+$W11/$BD$354+$X11/$BD$359+$Y11/$BD$360+$Z11/$BD$361+$AA11/$BD$362+$AB11/$BD$363+$AC11/$BD$364+$AD11/$BD$365+$AE11/$BD$366+$AF11/$BD$367+$AG11/$BD$369+$AH11/$BD$355+$AI11/$BD$356+$AJ11/$BD$357+$AK11/$BD$368+$AL11/$BD$358) -> 0 | AP11: =100*(R11/BD$348)/($O11/$BD$343+$P11/$BD$344+$Q11/$BD$346+$R11/$BD$348+$S11/$BD$350+$T11/$BD$351+$U11/$BD$352+$V11/$BD$353+$W11/$BD$354+$X11/$BD$359+$Y11/$BD$360+$Z11/$BD$361+$AA11/$BD$362+$AB11/$BD$363+$AC11/$BD$364+$AD11/$BD$365+$AE11/$BD$366+$AF11/$BD$367+$AG11/$BD$369+$AH11/$BD$355+$AI11/$BD$356+$AJ11/$BD$357+$AK11/$BD$368+$AL11/$BD$358) -> 0 | AQ11: =100*(S11/BD$350)/($O11/$BD$343+$P11/$BD$344+$Q11/$BD$346+$R11/$BD$348+$S11/$BD$350+$T11/$BD$351+$U11/$BD$352+$V11/$BD$353+$W11/$BD$354+$X11/$BD$359+$Y11/$BD$360+$Z11/$BD$361+$AA11/$BD$362+$AB11/$BD$363+$AC11/$BD$364+$AD11/$BD$365+$AE11/$BD$366+$AF11/$BD$367+$AG11/$BD$369+$AH11/$BD$355+$AI11/$BD$356+$AJ11/$BD$357+$AK11/$BD$368+$AL11/$BD$358) -> 0 | AR11: =100*(T11/BD$351)/($O11/$BD$343+$P11/$BD$344+$Q11/$BD$346+$R11/$BD$348+$S11/$BD$350+$T11/$BD$351+$U11/$BD$352+$V11/$BD$353+$W11/$BD$354+$X11/$BD$359+$Y11/$BD$360+$Z11/$BD$361+$AA11/$BD$362+$AB11/$BD$363+$AC11/$BD$364+$AD11/$BD$365+$AE11/$BD$366+$AF11/$BD$367+$AG11/$BD$369+$AH11/$BD$355+$AI11/$BD$356+$AJ11/$BD$357+$AK11/$BD$368+$AL11/$BD$358) -> 0 | AS11: =100*(U11/BD$352)/($O11/$BD$343+$P11/$BD$344+$Q11/$BD$346+$R11/$BD$348+$S11/$BD$350+$T11/$BD$351+$U11/$BD$352+$V11/$BD$353+$W11/$BD$354+$X11/$BD$359+$Y11/$BD$360+$Z11/$BD$361+$AA11/$BD$362+$AB11/$BD$363+$AC11/$BD$364+$AD11/$BD$365+$AE11/$BD$366+$AF11/$BD$367+$AG11/$BD$369+$AH11/$BD$355+$AI11/$BD$356+$AJ11/$BD$357+$AK11/$BD$368+$AL11/$BD$358) -> 0 | AT11: =100*(V11/BD$353)/($O11/$BD$343+$P11/$BD$344+$Q11/$BD$346+$R11/$BD$348+$S11/$BD$350+$T11/$BD$351+$U11/$BD$352+$V11/$BD$353+$W11/$BD$354+$X11/$BD$359+$Y11/$BD$360+$Z11/$BD$361+$AA11/$BD$362+$AB11/$BD$363+$AC11/$BD$364+$AD11/$BD$365+$AE11/$BD$366+$AF11/$BD$367+$AG11/$BD$369+$AH11/$BD$355+$AI11/$BD$356+$AJ11/$BD$357+$AK11/$BD$368+$AL11/$BD$358) -> 0 | AU11: =100*(W11/BD$354)/($O11/$BD$343+$P11/$BD$344+$Q11/$BD$346+$R11/$BD$348+$S11/$BD$350+$T11/$BD$351+$U11/$BD$352+$V11/$BD$353+$W11/$BD$354+$X11/$BD$359+$Y11/$BD$360+$Z11/$BD$361+$AA11/$BD$362+$AB11/$BD$363+$AC11/$BD$364+$AD11/$BD$365+$AE11/$BD$366+$AF11/$BD$367+$AG11/$BD$369+$AH11/$BD$355+$AI11/$BD$356+$AJ11/$BD$357+$AK11/$BD$368+$AL11/$BD$358) -> 0 | AV11: =100*(X11/BD$359)/($O11/$BD$343+$P11/$BD$344+$Q11/$BD$346+$R11/$BD$348+$S11/$BD$350+$T11/$BD$351+$U11/$BD$352+$V11/$BD$353+$W11/$BD$354+$X11/$BD$359+$Y11/$BD$360+$Z11/$BD$361+$AA11/$BD$362+$AB11/$BD$363+$AC11/$BD$364+$AD11/$BD$365+$AE11/$BD$366+$AF11/$BD$367+$AG11/$BD$369+$AH11/$BD$355+$AI11/$BD$356+$AJ11/$BD$357+$AK11/$BD$368+$AL11/$BD$358) -> 0 | AW11: =100*(Y11/BD$360)/($O11/$BD$343+$P11/$BD$344+$Q11/$BD$346+$R11/$BD$348+$S11/$BD$350+$T11/$BD$351+$U11/$BD$352+$V11/$BD$353+$W11/$BD$354+$X11/$BD$359+$Y11/$BD$360+$Z11/$BD$361+$AA11/$BD$362+$AB11/$BD$363+$AC11/$BD$364+$AD11/$BD$365+$AE11/$BD$366+$AF11/$BD$367+$AG11/$BD$369+$AH11/$BD$355+$AI11/$BD$356+$AJ11/$BD$357+$AK11/$BD$368+$AL11/$BD$358) -> 0 | AX11: =100*(Z11/BD$361)/($O11/$BD$343+$P11/$BD$344+$Q11/$BD$346+$R11/$BD$348+$S11/$BD$350+$T11/$BD$351+$U11/$BD$352+$V11/$BD$353+$W11/$BD$354+$X11/$BD$359+$Y11/$BD$360+$Z11/$BD$361+$AA11/$BD$362+$AB11/$BD$363+$AC11/$BD$364+$AD11/$BD$365+$AE11/$BD$366+$AF11/$BD$367+$AG11/$BD$369+$AH11/$BD$355+$AI11/$BD$356+$AJ11/$BD$357+$AK11/$BD$368+$AL11/$BD$358) -> 0 | AY11: =100*(AA11/BD$362)/($O11/$BD$343+$P11/$BD$344+$Q11/$BD$346+$R11/$BD$348+$S11/$BD$350+$T11/$BD$351+$U11/$BD$352+$V11/$BD$353+$W11/$BD$354+$X11/$BD$359+$Y11/$BD$360+$Z11/$BD$361+$AA11/$BD$362+$AB11/$BD$363+$AC11/$BD$364+$AD11/$BD$365+$AE11/$BD$366+$AF11/$BD$367+$AG11/$BD$369+$AH11/$BD$355+$AI11/$BD$356+$AJ11/$BD$357+$AK11/$BD$368+$AL11/$BD$358) -> 0 | AZ11: =100*(AB11/BD$363)/($O11/$BD$343+$P11/$BD$344+$Q11/$BD$346+$R11/$BD$348+$S11/$BD$350+$T11/$BD$351+$U11/$BD$352+$V11/$BD$353+$W11/$BD$354+$X11/$BD$359+$Y11/$BD$360+$Z11/$BD$361+$AA11/$BD$362+$AB11/$BD$363+$AC11/$BD$364+$AD11/$BD$365+$AE11/$BD$366+$AF11/$BD$367+$AG11/$BD$369+$AH11/$BD$355+$AI11/$BD$356+$AJ11/$BD$357+$AK11/$BD$368+$AL11/$BD$358) -> 0 | BA11: =100*(AC11/BD$364)/($O11/$BD$343+$P11/$BD$344+$Q11/$BD$346+$R11/$BD$348+$S11/$BD$350+$T11/$BD$351+$U11/$BD$352+$V11/$BD$353+$W11/$BD$354+$X11/$BD$359+$Y11/$BD$360+$Z11/$BD$361+$AA11/$BD$362+$AB11/$BD$363+$AC11/$BD$364+$AD11/$BD$365+$AE11/$BD$366+$AF11/$BD$367+$AG11/$BD$369+$AH11/$BD$355+$AI11/$BD$356+$AJ11/$BD$357+$AK11/$BD$368+$AL11/$BD$358) -> 0 | BB11: =100*(AD11/BD$365)/($O11/$BD$343+$P11/$BD$344+$Q11/$BD$346+$R11/$BD$348+$S11/$BD$350+$T11/$BD$351+$U11/$BD$352+$V11/$BD$353+$W11/$BD$354+$X11/$BD$359+$Y11/$BD$360+$Z11/$BD$361+$AA11/$BD$362+$AB11/$BD$363+$AC11/$BD$364+$AD11/$BD$365+$AE11/$BD$366+$AF11/$BD$367+$AG11/$BD$369+$AH11/$BD$355+$AI11/$BD$356+$AJ11/$BD$357+$AK11/$BD$368+$AL11/$BD$358) -> 0 | BC11: =100*(AE11/BD$366)/($O11/$BD$343+$P11/$BD$344+$Q11/$BD$346+$R11/$BD$348+$S11/$BD$350+$T11/$BD$351+$U11/$BD$352+$V11/$BD$353+$W11/$BD$354+$X11/$BD$359+$Y11/$BD$360+$Z11/$BD$361+$AA11/$BD$362+$AB11/$BD$363+$AC11/$BD$364+$AD11/$BD$365+$AE11/$BD$366+$AF11/$BD$367+$AG11/$BD$369+$AH11/$BD$355+$AI11/$BD$356+$AJ11/$BD$357+$AK11/$BD$368+$AL11/$BD$358) -> 0 | BD11: =100*(AF11/BD$367)/($O11/$BD$343+$P11/$BD$344+$Q11/$BD$346+$R11/$BD$348+$S11/$BD$350+$T11/$BD$351+$U11/$BD$352+$V11/$BD$353+$W11/$BD$354+$X11/$BD$359+$Y11/$BD$360+$Z11/$BD$361+$AA11/$BD$362+$AB11/$BD$363+$AC11/$BD$364+$AD11/$BD$365+$AE11/$BD$366+$AF11/$BD$367+$AG11/$BD$369+$AH11/$BD$355+$AI11/$BD$356+$AJ11/$BD$357+$AK11/$BD$368+$AL11/$BD$358) -> 0 | BE11: =100*(AG11/BD$369)/($O11/$BD$343+$P11/$BD$344+$Q11/$BD$346+$R11/$BD$348+$S11/$BD$350+$T11/$BD$351+$U11/$BD$352+$V11/$BD$353+$W11/$BD$354+$X11/$BD$359+$Y11/$BD$360+$Z11/$BD$361+$AA11/$BD$362+$AB11/$BD$363+$AC11/$BD$364+$AD11/$BD$365+$AE11/$BD$366+$AF11/$BD$367+$AG11/$BD$369+$AH11/$BD$355+$AI11/$BD$356+$AJ11/$BD$357+$AK11/$BD$368+$AL11/$BD$358) -> 0 | BF11: =100*(AH11/BD$355)/($O11/$BD$343+$P11/$BD$344+$Q11/$BD$346+$R11/$BD$348+$S11/$BD$350+$T11/$BD$351+$U11/$BD$352+$V11/$BD$353+$W11/$BD$354+$X11/$BD$359+$Y11/$BD$360+$Z11/$BD$361+$AA11/$BD$362+$AB11/$BD$363+$AC11/$BD$364+$AD11/$BD$365+$AE11/$BD$366+$AF11/$BD$367+$AG11/$BD$369+$AH11/$BD$355+$AI11/$BD$356+$AJ11/$BD$357+$AK11/$BD$368+$AL11/$BD$358) -> 0 | BG11: =100*(AI11/BD$356)/($O11/$BD$343+$P11/$BD$344+$Q11/$BD$346+$R11/$BD$348+$S11/$BD$350+$T11/$BD$351+$U11/$BD$352+$V11/$BD$353+$W11/$BD$354+$X11/$BD$359+$Y11/$BD$360+$Z11/$BD$361+$AA11/$BD$362+$AB11/$BD$363+$AC11/$BD$364+$AD11/$BD$365+$AE11/$BD$366+$AF11/$BD$367+$AG11/$BD$369+$AH11/$BD$355+$AI11/$BD$356+$AJ11/$BD$357+$AK11/$BD$368+$AL11/$BD$358) -> 0 | BH11: =100*(AJ11/BD$357)/($O11/$BD$343+$P11/$BD$344+$Q11/$BD$346+$R11/$BD$348+$S11/$BD$350+$T11/$BD$351+$U11/$BD$352+$V11/$BD$353+$W11/$BD$354+$X11/$BD$359+$Y11/$BD$360+$Z11/$BD$361+$AA11/$BD$362+$AB11/$BD$363+$AC11/$BD$364+$AD11/$BD$365+$AE11/$BD$366+$AF11/$BD$367+$AG11/$BD$369+$AH11/$BD$355+$AI11/$BD$356+$AJ11/$BD$357+$AK11/$BD$368+$AL11/$BD$358) -> 0 | BI11: =100*(AK11/BD$368)/($O11/$BD$343+$P11/$BD$344+$Q11/$BD$346+$R11/$BD$348+$S11/$BD$350+$T11/$BD$351+$U11/$BD$352+$V11/$BD$353+$W11/$BD$354+$X11/$BD$359+$Y11/$BD$360+$Z11/$BD$361+$AA11/$BD$362+$AB11/$BD$363+$AC11/$BD$364+$AD11/$BD$365+$AE11/$BD$366+$AF11/$BD$367+$AG11/$BD$369+$AH11/$BD$355+$AI11/$BD$356+$AJ11/$BD$357+$AK11/$BD$368+$AL11/$BD$358) -> 0 | BJ11: =100*(AL11/BD$358)/($O11/$BD$343+$P11/$BD$344+$Q11/$BD$346+$R11/$BD$348+$S11/$BD$350+$T11/$BD$351+$U11/$BD$352+$V11/$BD$353+$W11/$BD$354+$X11/$BD$359+$Y11/$BD$360+$Z11/$BD$361+$AA11/$BD$362+$AB11/$BD$363+$AC11/$BD$364+$AD11/$BD$365+$AE11/$BD$366+$AF11/$BD$367+$AG11/$BD$369+$AH11/$BD$355+$AI11/$BD$356+$AJ11/$BD$357+$AK11/$BD$368+$AL11/$BD$358) -> 0 | BK11: =(($AM11*($BK$396+$BJ$396*($BM$389+$I11))+$AN11*($BK$397+$BJ$397*($BM$389+$I11))+$AO11*($BK$398+$BJ$398*($BM$389+$I11))+$AP11*($BK$399+$BJ$399*($BM$389+$I11))+$AR11*($BK$401+$BJ$401*($BM$389+$I11))+$AS11*($BK$402+$BJ$402*($BM$389+$I11))+$AT11*($BK$403+$BJ$403*($BM$389+$I11))+$AU11*($BK$404+$BJ$404*($BM$389+$I11))+$AV11*($BK$405+$BJ$405*($BM$389+$I11))+$AW11*($BK$406+$BJ$406*($BM$389+$I11))+$AX11*($BK$407+$BJ$407*($BM$389+$I11))+$AY11*($BK$408+$BJ$408*($BM$389+$I11))+$AZ11*($BK$409+$BJ$409*($BM$389+$I11))+$BB11*($BK$411+$BJ$411*($BM$389+$I11))+$BC11*($BK$412+$BJ$412*($BM$389+$I11))+$BD11*($BK$413+$BJ$413*($BM$389+$I11))+$BF11*($BK$415+$BJ$415*($BM$389+$I11))+$BI11*($BK$416+$BJ$416*($BM$389+$I11)))/(SUM($AM11:$BJ11)-$AQ11-$BA11-$BE11-$BG11-$BH11-$BJ11)) -> -127.90838 | BL11: =IF($K11=$L11,$BK11,IF(OR($K11="graphite",$K11="vitreous carbon"),$BK$406+($BM$389+$I11)*$BJ$406,IF($K11="Pyrolytic Boron Nitride","PBN",IF(COUNTIF($BH$396:$BH$416,$K11)>0,VLOOKUP($K11,$BH$396:$BK$416,4,FALSE)+($BM$389+$I11)*VLOOKUP($K11,$BH$396:$BK$416,3,FALSE),IF(COUNTIF($L$2:$L10,$K11)>0,VLOOKUP($K11,$L$2:$BK10,52,FALSE),"idk"))))) -> -121.74824 | BM11: 12.7 | BN11: 6.3 | BO11: 2.3 | BP11: FLiBe | BQ11: ORNL | BR11: yes | BT11: 0 | DJ11: 0 | DK11: 0 | DM11: -84.5 | DO11: -3.05 | DQ11: 1714000 | DR11: 4 | DS11: 3 | DU11: Composizione NOMINALE dei provini | DW11: =SUM(_2025_01_07T12_47_export3[[#This Row],[Ni_wt]:[H_wt]]) -> 100 | DY11: =SUM($AM11:BJ11) -> 100
A12: A0Ni-20 Cr2015Zheng | B12: 10 | C12: University of Wisconsin Madison | D12: 2015 | E12: Zheng | F12: A0 | G12: static | H12: 0 | I12: 700 | J12: 1000 | K12: Ni | L12: Ni-20 Cr | N12: 8570000 | O12: 80 | P12: 20 | AM12: =100*(O12/BD$343)/($O12/$BD$343+$P12/$BD$344+$Q12/$BD$346+$R12/$BD$348+$S12/$BD$350+$T12/$BD$351+$U12/$BD$352+$V12/$BD$353+$W12/$BD$354+$X12/$BD$359+$Y12/$BD$360+$Z12/$BD$361+$AA12/$BD$362+$AB12/$BD$363+$AC12/$BD$364+$AD12/$BD$365+$AE12/$BD$366+$AF12/$BD$367+$AG12/$BD$369+$AH12/$BD$355+$AI12/$BD$356+$AJ12/$BD$357+$AK12/$BD$368+$AL12/$BD$358) -> 77.993176 | AN12: =100*(P12/BD$344)/($O12/$BD$343+$P12/$BD$344+$Q12/$BD$346+$R12/$BD$348+$S12/$BD$350+$T12/$BD$351+$U12/$BD$352+$V12/$BD$353+$W12/$BD$354+$X12/$BD$359+$Y12/$BD$360+$Z12/$BD$361+$AA12/$BD$362+$AB12/$BD$363+$AC12/$BD$364+$AD12/$BD$365+$AE12/$BD$366+$AF12/$BD$367+$AG12/$BD$369+$AH12/$BD$355+$AI12/$BD$356+$AJ12/$BD$357+$AK12/$BD$368+$AL12/$BD$358) -> 22.006824 | AO12: =100*(Q12/BD$346)/($O12/$BD$343+$P12/$BD$344+$Q12/$BD$346+$R12/$BD$348+$S12/$BD$350+$T12/$BD$351+$U12/$BD$352+$V12/$BD$353+$W12/$BD$354+$X12/$BD$359+$Y12/$BD$360+$Z12/$BD$361+$AA12/$BD$362+$AB12/$BD$363+$AC12/$BD$364+$AD12/$BD$365+$AE12/$BD$366+$AF12/$BD$367+$AG12/$BD$369+$AH12/$BD$355+$AI12/$BD$356+$AJ12/$BD$357+$AK12/$BD$368+$AL12/$BD$358) -> 0 | AP12: =100*(R12/BD$348)/($O12/$BD$343+$P12/$BD$344+$Q12/$BD$346+$R12/$BD$348+$S12/$BD$350+$T12/$BD$351+$U12/$BD$352+$V12/$BD$353+$W12/$BD$354+$X12/$BD$359+$Y12/$BD$360+$Z12/$BD$361+$AA12/$BD$362+$AB12/$BD$363+$AC12/$BD$364+$AD12/$BD$365+$AE12/$BD$366+$AF12/$BD$367+$AG12/$BD$369+$AH12/$BD$355+$AI12/$BD$356+$AJ12/$BD$357+$AK12/$BD$368+$AL12/$BD$358) -> 0 | AQ12: =100*(S12/BD$350)/($O12/$BD$343+$P12/$BD$344+$Q12/$BD$346+$R12/$BD$348+$S12/$BD$350+$T12/$BD$351+$U12/$BD$352+$V12/$BD$353+$W12/$BD$354+$X12/$BD$359+$Y12/$BD$360+$Z12/$BD$361+$AA12/$BD$362+$AB12/$BD$363+$AC12/$BD$364+$AD12/$BD$365+$AE12/$BD$366+$AF12/$BD$367+$AG12/$BD$369+$AH12/$BD$355+$AI12/$BD$356+$AJ12/$BD$357+$AK12/$BD$368+$AL12/$BD$358) -> 0 | AR12: =100*(T12/BD$351)/($O12/$BD$343+$P12/$BD$344+$Q12/$BD$346+$R12/$BD$348+$S12/$BD$350+$T12/$BD$351+$U12/$BD$352+$V12/$BD$353+$W12/$BD$354+$X12/$BD$359+$Y12/$BD$360+$Z12/$BD$361+$AA12/$BD$362+$AB12/$BD$363+$AC12/$BD$364+$AD12/$BD$365+$AE12/$BD$366+$AF12/$BD$367+$AG12/$BD$369+$AH12/$BD$355+$AI12/$BD$356+$AJ12/$BD$357+$AK12/$BD$368+$AL12/$BD$358) -> 0 | AS12: =100*(U12/BD$352)/($O12/$BD$343+$P12/$BD$344+$Q12/$BD$346+$R12/$BD$348+$S12/$BD$350+$T12/$BD$351+$U12/$BD$352+$V12/$BD$353+$W12/$BD$354+$X12/$BD$359+$Y12/$BD$360+$Z12/$BD$361+$AA12/$BD$362+$AB12/$BD$363+$AC12/$BD$364+$AD12/$BD$365+$AE12/$BD$366+$AF12/$BD$367+$AG12/$BD$369+$AH12/$BD$355+$AI12/$BD$356+$AJ12/$BD$357+$AK12/$BD$368+$AL12/$BD$358) -> 0 | AT12: =100*(V12/BD$353)/($O12/$BD$343+$P12/$BD$344+$Q12/$BD$346+$R12/$BD$348+$S12/$BD$350+$T12/$BD$351+$U12/$BD$352+$V12/$BD$353+$W12/$BD$354+$X12/$BD$359+$Y12/$BD$360+$Z12/$BD$361+$AA12/$BD$362+$AB12/$BD$363+$AC12/$BD$364+$AD12/$BD$365+$AE12/$BD$366+$AF12/$BD$367+$AG12/$BD$369+$AH12/$BD$355+$AI12/$BD$356+$AJ12/$BD$357+$AK12/$BD$368+$AL12/$BD$358) -> 0 | AU12: =100*(W12/BD$354)/($O12/$BD$343+$P12/$BD$344+$Q12/$BD$346+$R12/$BD$348+$S12/$BD$350+$T12/$BD$351+$U12/$BD$352+$V12/$BD$353+$W12/$BD$354+$X12/$BD$359+$Y12/$BD$360+$Z12/$BD$361+$AA12/$BD$362+$AB12/$BD$363+$AC12/$BD$364+$AD12/$BD$365+$AE12/$BD$366+$AF12/$BD$367+$AG12/$BD$369+$AH12/$BD$355+$AI12/$BD$356+$AJ12/$BD$357+$AK12/$BD$368+$AL12/$BD$358) -> 0 | AV12: =100*(X12/BD$359)/($O12/$BD$343+$P12/$BD$344+$Q12/$BD$346+$R12/$BD$348+$S12/$BD$350+$T12/$BD$351+$U12/$BD$352+$V12/$BD$353+$W12/$BD$354+$X12/$BD$359+$Y12/$BD$360+$Z12/$BD$361+$AA12/$BD$362+$AB12/$BD$363+$AC12/$BD$364+$AD12/$BD$365+$AE12/$BD$366+$AF12/$BD$367+$AG12/$BD$369+$AH12/$BD$355+$AI12/$BD$356+$AJ12/$BD$357+$AK12/$BD$368+$AL12/$BD$358) -> 0 | AW12: =100*(Y12/BD$360)/($O12/$BD$343+$P12/$BD$344+$Q12/$BD$346+$R12/$BD$348+$S12/$BD$350+$T12/$BD$351+$U12/$BD$352+$V12/$BD$353+$W12/$BD$354+$X12/$BD$359+$Y12/$BD$360+$Z12/$BD$361+$AA12/$BD$362+$AB12/$BD$363+$AC12/$BD$364+$AD12/$BD$365+$AE12/$BD$366+$AF12/$BD$367+$AG12/$BD$369+$AH12/$BD$355+$AI12/$BD$356+$AJ12/$BD$357+$AK12/$BD$368+$AL12/$BD$358) -> 0 | AX12: =100*(Z12/BD$361)/($O12/$BD$343+$P12/$BD$344+$Q12/$BD$346+$R12/$BD$348+$S12/$BD$350+$T12/$BD$351+$U12/$BD$352+$V12/$BD$353+$W12/$BD$354+$X12/$BD$359+$Y12/$BD$360+$Z12/$BD$361+$AA12/$BD$362+$AB12/$BD$363+$AC12/$BD$364+$AD12/$BD$365+$AE12/$BD$366+$AF12/$BD$367+$AG12/$BD$369+$AH12/$BD$355+$AI12/$BD$356+$AJ12/$BD$357+$AK12/$BD$368+$AL12/$BD$358) -> 0 | AY12: =100*(AA12/BD$362)/($O12/$BD$343+$P12/$BD$344+$Q12/$BD$346+$R12/$BD$348+$S12/$BD$350+$T12/$BD$351+$U12/$BD$352+$V12/$BD$353+$W12/$BD$354+$X12/$BD$359+$Y12/$BD$360+$Z12/$BD$361+$AA12/$BD$362+$AB12/$BD$363+$AC12/$BD$364+$AD12/$BD$365+$AE12/$BD$366+$AF12/$BD$367+$AG12/$BD$369+$AH12/$BD$355+$AI12/$BD$356+$AJ12/$BD$357+$AK12/$BD$368+$AL12/$BD$358) -> 0 | AZ12: =100*(AB12/BD$363)/($O12/$BD$343+$P12/$BD$344+$Q12/$BD$346+$R12/$BD$348+$S12/$BD$350+$T12/$BD$351+$U12/$BD$352+$V12/$BD$353+$W12/$BD$354+$X12/$BD$359+$Y12/$BD$360+$Z12/$BD$361+$AA12/$BD$362+$AB12/$BD$363+$AC12/$BD$364+$AD12/$BD$365+$AE12/$BD$366+$AF12/$BD$367+$AG12/$BD$369+$AH12/$BD$355+$AI12/$BD$356+$AJ12/$BD$357+$AK12/$BD$368+$AL12/$BD$358) -> 0 | BA12: =100*(AC12/BD$364)/($O12/$BD$343+$P12/$BD$344+$Q12/$BD$346+$R12/$BD$348+$S12/$BD$350+$T12/$BD$351+$U12/$BD$352+$V12/$BD$353+$W12/$BD$354+$X12/$BD$359+$Y12/$BD$360+$Z12/$BD$361+$AA12/$BD$362+$AB12/$BD$363+$AC12/$BD$364+$AD12/$BD$365+$AE12/$BD$366+$AF12/$BD$367+$AG12/$BD$369+$AH12/$BD$355+$AI12/$BD$356+$AJ12/$BD$357+$AK12/$BD$368+$AL12/$BD$358) -> 0 | BB12: =100*(AD12/BD$365)/($O12/$BD$343+$P12/$BD$344+$Q12/$BD$346+$R12/$BD$348+$S12/$BD$350+$T12/$BD$351+$U12/$BD$352+$V12/$BD$353+$W12/$BD$354+$X12/$BD$359+$Y12/$BD$360+$Z12/$BD$361+$AA12/$BD$362+$AB12/$BD$363+$AC12/$BD$364+$AD12/$BD$365+$AE12/$BD$366+$AF12/$BD$367+$AG12/$BD$369+$AH12/$BD$355+$AI12/$BD$356+$AJ12/$BD$357+$AK12/$BD$368+$AL12/$BD$358) -> 0 | BC12: =100*(AE12/BD$366)/($O12/$BD$343+$P12/$BD$344+$Q12/$BD$346+$R12/$BD$348+$S12/$BD$350+$T12/$BD$351+$U12/$BD$352+$V12/$BD$353+$W12/$BD$354+$X12/$BD$359+$Y12/$BD$360+$Z12/$BD$361+$AA12/$BD$362+$AB12/$BD$363+$AC12/$BD$364+$AD12/$BD$365+$AE12/$BD$366+$AF12/$BD$367+$AG12/$BD$369+$AH12/$BD$355+$AI12/$BD$356+$AJ12/$BD$357+$AK12/$BD$368+$AL12/$BD$358) -> 0 | BD12: =100*(AF12/BD$367)/($O12/$BD$343+$P12/$BD$344+$Q12/$BD$346+$R12/$BD$348+$S12/$BD$350+$T12/$BD$351+$U12/$BD$352+$V12/$BD$353+$W12/$BD$354+$X12/$BD$359+$Y12/$BD$360+$Z12/$BD$361+$AA12/$BD$362+$AB12/$BD$363+$AC12/$BD$364+$AD12/$BD$365+$AE12/$BD$366+$AF12/$BD$367+$AG12/$BD$369+$AH12/$BD$355+$AI12/$BD$356+$AJ12/$BD$357+$AK12/$BD$368+$AL12/$BD$358) -> 0 | BE12: =100*(AG12/BD$369)/($O12/$BD$343+$P12/$BD$344+$Q12/$BD$346+$R12/$BD$348+$S12/$BD$350+$T12/$BD$351+$U12/$BD$352+$V12/$BD$353+$W12/$BD$354+$X12/$BD$359+$Y12/$BD$360+$Z12/$BD$361+$AA12/$BD$362+$AB12/$BD$363+$AC12/$BD$364+$AD12/$BD$365+$AE12/$BD$366+$AF12/$BD$367+$AG12/$BD$369+$AH12/$BD$355+$AI12/$BD$356+$AJ12/$BD$357+$AK12/$BD$368+$AL12/$BD$358) -> 0 | BF12: =100*(AH12/BD$355)/($O12/$BD$343+$P12/$BD$344+$Q12/$BD$346+$R12/$BD$348+$S12/$BD$350+$T12/$BD$351+$U12/$BD$352+$V12/$BD$353+$W12/$BD$354+$X12/$BD$359+$Y12/$BD$360+$Z12/$BD$361+$AA12/$BD$362+$AB12/$BD$363+$AC12/$BD$364+$AD12/$BD$365+$AE12/$BD$366+$AF12/$BD$367+$AG12/$BD$369+$AH12/$BD$355+$AI12/$BD$356+$AJ12/$BD$357+$AK12/$BD$368+$AL12/$BD$358) -> 0 | BG12: =100*(AI12/BD$356)/($O12/$BD$343+$P12/$BD$344+$Q12/$BD$346+$R12/$BD$348+$S12/$BD$350+$T12/$BD$351+$U12/$BD$352+$V12/$BD$353+$W12/$BD$354+$X12/$BD$359+$Y12/$BD$360+$Z12/$BD$361+$AA12/$BD$362+$AB12/$BD$363+$AC12/$BD$364+$AD12/$BD$365+$AE12/$BD$366+$AF12/$BD$367+$AG12/$BD$369+$AH12/$BD$355+$AI12/$BD$356+$AJ12/$BD$357+$AK12/$BD$368+$AL12/$BD$358) -> 0 | BH12: =100*(AJ12/BD$357)/($O12/$BD$343+$P12/$BD$344+$Q12/$BD$346+$R12/$BD$348+$S12/$BD$350+$T12/$BD$351+$U12/$BD$352+$V12/$BD$353+$W12/$BD$354+$X12/$BD$359+$Y12/$BD$360+$Z12/$BD$361+$AA12/$BD$362+$AB12/$BD$363+$AC12/$BD$364+$AD12/$BD$365+$AE12/$BD$366+$AF12/$BD$367+$AG12/$BD$369+$AH12/$BD$355+$AI12/$BD$356+$AJ12/$BD$357+$AK12/$BD$368+$AL12/$BD$358) -> 0 | BI12: =100*(AK12/BD$368)/($O12/$BD$343+$P12/$BD$344+$Q12/$BD$346+$R12/$BD$348+$S12/$BD$350+$T12/$BD$351+$U12/$BD$352+$V12/$BD$353+$W12/$BD$354+$X12/$BD$359+$Y12/$BD$360+$Z12/$BD$361+$AA12/$BD$362+$AB12/$BD$363+$AC12/$BD$364+$AD12/$BD$365+$AE12/$BD$366+$AF12/$BD$367+$AG12/$BD$369+$AH12/$BD$355+$AI12/$BD$356+$AJ12/$BD$357+$AK12/$BD$368+$AL12/$BD$358) -> 0 | BJ12: =100*(AL12/BD$358)/($O12/$BD$343+$P12/$BD$344+$Q12/$BD$346+$R12/$BD$348+$S12/$BD$350+$T12/$BD$351+$U12/$BD$352+$V12/$BD$353+$W12/$BD$354+$X12/$BD$359+$Y12/$BD$360+$Z12/$BD$361+$AA12/$BD$362+$AB12/$BD$363+$AC12/$BD$364+$AD12/$BD$365+$AE12/$BD$366+$AF12/$BD$367+$AG12/$BD$369+$AH12/$BD$355+$AI12/$BD$356+$AJ12/$BD$357+$AK12/$BD$368+$AL12/$BD$358) -> 0 | BK12: =(($AM12*($BK$396+$BJ$396*($BM$389+$I12))+$AN12*($BK$397+$BJ$397*($BM$389+$I12))+$AO12*($BK$398+$BJ$398*($BM$389+$I12))+$AP12*($BK$399+$BJ$399*($BM$389+$I12))+$AR12*($BK$401+$BJ$401*($BM$389+$I12))+$AS12*($BK$402+$BJ$402*($BM$389+$I12))+$AT12*($BK$403+$BJ$403*($BM$389+$I12))+$AU12*($BK$404+$BJ$404*($BM$389+$I12))+$AV12*($BK$405+$BJ$405*($BM$389+$I12))+$AW12*($BK$406+$BJ$406*($BM$389+$I12))+$AX12*($BK$407+$BJ$407*($BM$389+$I12))+$AY12*($BK$408+$BJ$408*($BM$389+$I12))+$AZ12*($BK$409+$BJ$409*($BM$389+$I12))+$BB12*($BK$411+$BJ$411*($BM$389+$I12))+$BC12*($BK$412+$BJ$412*($BM$389+$I12))+$BD12*($BK$413+$BJ$413*($BM$389+$I12))+$BF12*($BK$415+$BJ$415*($BM$389+$I12))+$BI12*($BK$416+$BJ$416*($BM$389+$I12)))/(SUM($AM12:$BJ12)-$AQ12-$BA12-$BE12-$BG12-$BH12-$BJ12)) -> -127.90838 | BL12: =IF($K12=$L12,$BK12,IF(OR($K12="graphite",$K12="vitreous carbon"),$BK$406+($BM$389+$I12)*$BJ$406,IF($K12="Pyrolytic Boron Nitride","PBN",IF(COUNTIF($BH$396:$BH$416,$K12)>0,VLOOKUP($K12,$BH$396:$BK$416,4,FALSE)+($BM$389+$I12)*VLOOKUP($K12,$BH$396:$BK$416,3,FALSE),IF(COUNTIF($L$2:$L11,$K12)>0,VLOOKUP($K12,$L$2:$BK11,52,FALSE),"idk"))))) -> -121.74824 | BM12: 12.7 | BN12: 6.3 | BO12: 2.3 | BP12: FLiBe | BQ12: ORNL | BR12: yes | BT12: 0 | DJ12: 0 | DK12: 0 | DM12: -140.8 | DO12: -7.12 | DQ12: 1714000 | DR12: 5 | DS12: 3 | DU12: Composizione NOMINALE dei provini | DW12: =SUM(_2025_01_07T12_47_export3[[#This Row],[Ni_wt]:[H_wt]]) -> 100 | DY12: =SUM($AM12:BJ12) -> 100
A13: A0Ni-5Cr2015Zheng | B13: 11 | C13: University of Wisconsin Madison | D13: 2015 | E13: Zheng | F13: A0 | G13: static | H13: 0 | I13: 700 | J13: 50 | K13: Ni | L13: Ni-5Cr | N13: 8700000 | O13: 95 | P13: 5 | AM13: =100*(O13/BD$343)/($O13/$BD$343+$P13/$BD$344+$Q13/$BD$346+$R13/$BD$348+$S13/$BD$350+$T13/$BD$351+$U13/$BD$352+$V13/$BD$353+$W13/$BD$354+$X13/$BD$359+$Y13/$BD$360+$Z13/$BD$361+$AA13/$BD$362+$AB13/$BD$363+$AC13/$BD$364+$AD13/$BD$365+$AE13/$BD$366+$AF13/$BD$367+$AG13/$BD$369+$AH13/$BD$355+$AI13/$BD$356+$AJ13/$BD$357+$AK13/$BD$368+$AL13/$BD$358) -> 94.3928 | AN13: =100*(P13/BD$344)/($O13/$BD$343+$P13/$BD$344+$Q13/$BD$346+$R13/$BD$348+$S13/$BD$350+$T13/$BD$351+$U13/$BD$352+$V13/$BD$353+$W13/$BD$354+$X13/$BD$359+$Y13/$BD$360+$Z13/$BD$361+$AA13/$BD$362+$AB13/$BD$363+$AC13/$BD$364+$AD13/$BD$365+$AE13/$BD$366+$AF13/$BD$367+$AG13/$BD$369+$AH13/$BD$355+$AI13/$BD$356+$AJ13/$BD$357+$AK13/$BD$368+$AL13/$BD$358) -> 5.6071998 | AO13: =100*(Q13/BD$346)/($O13/$BD$343+$P13/$BD$344+$Q13/$BD$346+$R13/$BD$348+$S13/$BD$350+$T13/$BD$351+$U13/$BD$352+$V13/$BD$353+$W13/$BD$354+$X13/$BD$359+$Y13/$BD$360+$Z13/$BD$361+$AA13/$BD$362+$AB13/$BD$363+$AC13/$BD$364+$AD13/$BD$365+$AE13/$BD$366+$AF13/$BD$367+$AG13/$BD$369+$AH13/$BD$355+$AI13/$BD$356+$AJ13/$BD$357+$AK13/$BD$368+$AL13/$BD$358) -> 0 | AP13: =100*(R13/BD$348)/($O13/$BD$343+$P13/$BD$344+$Q13/$BD$346+$R13/$BD$348+$S13/$BD$350+$T13/$BD$351+$U13/$BD$352+$V13/$BD$353+$W13/$BD$354+$X13/$BD$359+$Y13/$BD$360+$Z13/$BD$361+$AA13/$BD$362+$AB13/$BD$363+$AC13/$BD$364+$AD13/$BD$365+$AE13/$BD$366+$AF13/$BD$367+$AG13/$BD$369+$AH13/$BD$355+$AI13/$BD$356+$AJ13/$BD$357+$AK13/$BD$368+$AL13/$BD$358) -> 0 | AQ13: =100*(S13/BD$350)/($O13/$BD$343+$P13/$BD$344+$Q13/$BD$346+$R13/$BD$348+$S13/$BD$350+$T13/$BD$351+$U13/$BD$352+$V13/$BD$353+$W13/$BD$354+$X13/$BD$359+$Y13/$BD$360+$Z13/$BD$361+$AA13/$BD$362+$AB13/$BD$363+$AC13/$BD$364+$AD13/$BD$365+$AE13/$BD$366+$AF13/$BD$367+$AG13/$BD$369+$AH13/$BD$355+$AI13/$BD$356+$AJ13/$BD$357+$AK13/$BD$368+$AL13/$BD$358) -> 0 | AR13: =100*(T13/BD$351)/($O13/$BD$343+$P13/$BD$344+$Q13/$BD$346+$R13/$BD$348+$S13/$BD$350+$T13/$BD$351+$U13/$BD$352+$V13/$BD$353+$W13/$BD$354+$X13/$BD$359+$Y13/$BD$360+$Z13/$BD$361+$AA13/$BD$362+$AB13/$BD$363+$AC13/$BD$364+$AD13/$BD$365+$AE13/$BD$366+$AF13/$BD$367+$AG13/$BD$369+$AH13/$BD$355+$AI13/$BD$356+$AJ13/$BD$357+$AK13/$BD$368+$AL13/$BD$358) -> 0 | AS13: =100*(U13/BD$352)/($O13/$BD$343+$P13/$BD$344+$Q13/$BD$346+$R13/$BD$348+$S13/$BD$350+$T13/$BD$351+$U13/$BD$352+$V13/$BD$353+$W13/$BD$354+$X13/$BD$359+$Y13/$BD$360+$Z13/$BD$361+$AA13/$BD$362+$AB13/$BD$363+$AC13/$BD$364+$AD13/$BD$365+$AE13/$BD$366+$AF13/$BD$367+$AG13/$BD$369+$AH13/$BD$355+$AI13/$BD$356+$AJ13/$BD$357+$AK13/$BD$368+$AL13/$BD$358) -> 0 | AT13: =100*(V13/BD$353)/($O13/$BD$343+$P13/$BD$344+$Q13/$BD$346+$R13/$BD$348+$S13/$BD$350+$T13/$BD$351+$U13/$BD$352+$V13/$BD$353+$W13/$BD$354+$X13/$BD$359+$Y13/$BD$360+$Z13/$BD$361+$AA13/$BD$362+$AB13/$BD$363+$AC13/$BD$364+$AD13/$BD$365+$AE13/$BD$366+$AF13/$BD$367+$AG13/$BD$369+$AH13/$BD$355+$AI13/$BD$356+$AJ13/$BD$357+$AK13/$BD$368+$AL13/$BD$358) -> 0 | AU13: =100*(W13/BD$354)/($O13/$BD$343+$P13/$BD$344+$Q13/$BD$346+$R13/$BD$348+$S13/$BD$350+$T13/$BD$351+$U13/$BD$352+$V13/$BD$353+$W13/$BD$354+$X13/$BD$359+$Y13/$BD$360+$Z13/$BD$361+$AA13/$BD$362+$AB13/$BD$363+$AC13/$BD$364+$AD13/$BD$365+$AE13/$BD$366+$AF13/$BD$367+$AG13/$BD$369+$AH13/$BD$355+$AI13/$BD$356+$AJ13/$BD$357+$AK13/$BD$368+$AL13/$BD$358) -> 0 | AV13: =100*(X13/BD$359)/($O13/$BD$343+$P13/$BD$344+$Q13/$BD$346+$R13/$BD$348+$S13/$BD$350+$T13/$BD$351+$U13/$BD$352+$V13/$BD$353+$W13/$BD$354+$X13/$BD$359+$Y13/$BD$360+$Z13/$BD$361+$AA13/$BD$362+$AB13/$BD$363+$AC13/$BD$364+$AD13/$BD$365+$AE13/$BD$366+$AF13/$BD$367+$AG13/$BD$369+$AH13/$BD$355+$AI13/$BD$356+$AJ13/$BD$357+$AK13/$BD$368+$AL13/$BD$358) -> 0 | AW13: =100*(Y13/BD$360)/($O13/$BD$343+$P13/$BD$344+$Q13/$BD$346+$R13/$BD$348+$S13/$BD$350+$T13/$BD$351+$U13/$BD$352+$V13/$BD$353+$W13/$BD$354+$X13/$BD$359+$Y13/$BD$360+$Z13/$BD$361+$AA13/$BD$362+$AB13/$BD$363+$AC13/$BD$364+$AD13/$BD$365+$AE13/$BD$366+$AF13/$BD$367+$AG13/$BD$369+$AH13/$BD$355+$AI13/$BD$356+$AJ13/$BD$357+$AK13/$BD$368+$AL13/$BD$358) -> 0 | AX13: =100*(Z13/BD$361)/($O13/$BD$343+$P13/$BD$344+$Q13/$BD$346+$R13/$BD$348+$S13/$BD$350+$T13/$BD$351+$U13/$BD$352+$V13/$BD$353+$W13/$BD$354+$X13/$BD$359+$Y13/$BD$360+$Z13/$BD$361+$AA13/$BD$362+$AB13/$BD$363+$AC13/$BD$364+$AD13/$BD$365+$AE13/$BD$366+$AF13/$BD$367+$AG13/$BD$369+$AH13/$BD$355+$AI13/$BD$356+$AJ13/$BD$357+$AK13/$BD$368+$AL13/$BD$358) -> 0 | AY13: =100*(AA13/BD$362)/($O13/$BD$343+$P13/$BD$344+$Q13/$BD$346+$R13/$BD$348+$S13/$BD$350+$T13/$BD$351+$U13/$BD$352+$V13/$BD$353+$W13/$BD$354+$X13/$BD$359+$Y13/$BD$360+$Z13/$BD$361+$AA13/$BD$362+$AB13/$BD$363+$AC13/$BD$364+$AD13/$BD$365+$AE13/$BD$366+$AF13/$BD$367+$AG13/$BD$369+$AH13/$BD$355+$AI13/$BD$356+$AJ13/$BD$357+$AK13/$BD$368+$AL13/$BD$358) -> 0 | AZ13: =100*(AB13/BD$363)/($O13/$BD$343+$P13/$BD$344+$Q13/$BD$346+$R13/$BD$348+$S13/$BD$350+$T13/$BD$351+$U13/$BD$352+$V13/$BD$353+$W13/$BD$354+$X13/$BD$359+$Y13/$BD$360+$Z13/$BD$361+$AA13/$BD$362+$AB13/$BD$363+$AC13/$BD$364+$AD13/$BD$365+$AE13/$BD$366+$AF13/$BD$367+$AG13/$BD$369+$AH13/$BD$355+$AI13/$BD$356+$AJ13/$BD$357+$AK13/$BD$368+$AL13/$BD$358) -> 0 | BA13: =100*(AC13/BD$364)/($O13/$BD$343+$P13/$BD$344+$Q13/$BD$346+$R13/$BD$348+$S13/$BD$350+$T13/$BD$351+$U13/$BD$352+$V13/$BD$353+$W13/$BD$354+$X13/$BD$359+$Y13/$BD$360+$Z13/$BD$361+$AA13/$BD$362+$AB13/$BD$363+$AC13/$BD$364+$AD13/$BD$365+$AE13/$BD$366+$AF13/$BD$367+$AG13/$BD$369+$AH13/$BD$355+$AI13/$BD$356+$AJ13/$BD$357+$AK13/$BD$368+$AL13/$BD$358) -> 0 | BB13: =100*(AD13/BD$365)/($O13/$BD$343+$P13/$BD$344+$Q13/$BD$346+$R13/$BD$348+$S13/$BD$350+$T13/$BD$351+$U13/$BD$352+$V13/$BD$353+$W13/$BD$354+$X13/$BD$359+$Y13/$BD$360+$Z13/$BD$361+$AA13/$BD$362+$AB13/$BD$363+$AC13/$BD$364+$AD13/$BD$365+$AE13/$BD$366+$AF13/$BD$367+$AG13/$BD$369+$AH13/$BD$355+$AI13/$BD$356+$AJ13/$BD$357+$AK13/$BD$368+$AL13/$BD$358) -> 0 | BC13: =100*(AE13/BD$366)/($O13/$BD$343+$P13/$BD$344+$Q13/$BD$346+$R13/$BD$348+$S13/$BD$350+$T13/$BD$351+$U13/$BD$352+$V13/$BD$353+$W13/$BD$354+$X13/$BD$359+$Y13/$BD$360+$Z13/$BD$361+$AA13/$BD$362+$AB13/$BD$363+$AC13/$BD$364+$AD13/$BD$365+$AE13/$BD$366+$AF13/$BD$367+$AG13/$BD$369+$AH13/$BD$355+$AI13/$BD$356+$AJ13/$BD$357+$AK13/$BD$368+$AL13/$BD$358) -> 0 | BD13: =100*(AF13/BD$367)/($O13/$BD$343+$P13/$BD$344+$Q13/$BD$346+$R13/$BD$348+$S13/$BD$350+$T13/$BD$351+$U13/$BD$352+$V13/$BD$353+$W13/$BD$354+$X13/$BD$359+$Y13/$BD$360+$Z13/$BD$361+$AA13/$BD$362+$AB13/$BD$363+$AC13/$BD$364+$AD13/$BD$365+$AE13/$BD$366+$AF13/$BD$367+$AG13/$BD$369+$AH13/$BD$355+$AI13/$BD$356+$AJ13/$BD$357+$AK13/$BD$368+$AL13/$BD$358) -> 0 | BE13: =100*(AG13/BD$369)/($O13/$BD$343+$P13/$BD$344+$Q13/$BD$346+$R13/$BD$348+$S13/$BD$350+$T13/$BD$351+$U13/$BD$352+$V13/$BD$353+$W13/$BD$354+$X13/$BD$359+$Y13/$BD$360+$Z13/$BD$361+$AA13/$BD$362+$AB13/$BD$363+$AC13/$BD$364+$AD13/$BD$365+$AE13/$BD$366+$AF13/$BD$367+$AG13/$BD$369+$AH13/$BD$355+$AI13/$BD$356+$AJ13/$BD$357+$AK13/$BD$368+$AL13/$BD$358) -> 0 | BF13: =100*(AH13/BD$355)/($O13/$BD$343+$P13/$BD$344+$Q13/$BD$346+$R13/$BD$348+$S13/$BD$350+$T13/$BD$351+$U13/$BD$352+$V13/$BD$353+$W13/$BD$354+$X13/$BD$359+$Y13/$BD$360+$Z13/$BD$361+$AA13/$BD$362+$AB13/$BD$363+$AC13/$BD$364+$AD13/$BD$365+$AE13/$BD$366+$AF13/$BD$367+$AG13/$BD$369+$AH13/$BD$355+$AI13/$BD$356+$AJ13/$BD$357+$AK13/$BD$368+$AL13/$BD$358) -> 0 | BG13: =100*(AI13/BD$356)/($O13/$BD$343+$P13/$BD$344+$Q13/$BD$346+$R13/$BD$348+$S13/$BD$350+$T13/$BD$351+$U13/$BD$352+$V13/$BD$353+$W13/$BD$354+$X13/$BD$359+$Y13/$BD$360+$Z13/$BD$361+$AA13/$BD$362+$AB13/$BD$363+$AC13/$BD$364+$AD13/$BD$365+$AE13/$BD$366+$AF13/$BD$367+$AG13/$BD$369+$AH13/$BD$355+$AI13/$BD$356+$AJ13/$BD$357+$AK13/$BD$368+$AL13/$BD$358) -> 0 | BH13: =100*(AJ13/BD$357)/($O13/$BD$343+$P13/$BD$344+$Q13/$BD$346+$R13/$BD$348+$S13/$BD$350+$T13/$BD$351+$U13/$BD$352+$V13/$BD$353+$W13/$BD$354+$X13/$BD$359+$Y13/$BD$360+$Z13/$BD$361+$AA13/$BD$362+$AB13/$BD$363+$AC13/$BD$364+$AD13/$BD$365+$AE13/$BD$366+$AF13/$BD$367+$AG13/$BD$369+$AH13/$BD$355+$AI13/$BD$356+$AJ13/$BD$357+$AK13/$BD$368+$AL13/$BD$358) -> 0 | BI13: =100*(AK13/BD$368)/($O13/$BD$343+$P13/$BD$344+$Q13/$BD$346+$R13/$BD$348+$S13/$BD$350+$T13/$BD$351+$U13/$BD$352+$V13/$BD$353+$W13/$BD$354+$X13/$BD$359+$Y13/$BD$360+$Z13/$BD$361+$AA13/$BD$362+$AB13/$BD$363+$AC13/$BD$364+$AD13/$BD$365+$AE13/$BD$366+$AF13/$BD$367+$AG13/$BD$369+$AH13/$BD$355+$AI13/$BD$356+$AJ13/$BD$357+$AK13/$BD$368+$AL13/$BD$358) -> 0 | BJ13: =100*(AL13/BD$358)/($O13/$BD$343+$P13/$BD$344+$Q13/$BD$346+$R13/$BD$348+$S13/$BD$350+$T13/$BD$351+$U13/$BD$352+$V13/$BD$353+$W13/$BD$354+$X13/$BD$359+$Y13/$BD$360+$Z13/$BD$361+$AA13/$BD$362+$AB13/$BD$363+$AC13/$BD$364+$AD13/$BD$365+$AE13/$BD$366+$AF13/$BD$367+$AG13/$BD$369+$AH13/$BD$355+$AI13/$BD$356+$AJ13/$BD$357+$AK13/$BD$368+$AL13/$BD$358) -> 0 | BK13: =(($AM13*($BK$396+$BJ$396*($BM$389+$I13))+$AN13*($BK$397+$BJ$397*($BM$389+$I13))+$AO13*($BK$398+$BJ$398*($BM$389+$I13))+$AP13*($BK$399+$BJ$399*($BM$389+$I13))+$AR13*($BK$401+$BJ$401*($BM$389+$I13))+$AS13*($BK$402+$BJ$402*($BM$389+$I13))+$AT13*($BK$403+$BJ$403*($BM$389+$I13))+$AU13*($BK$404+$BJ$404*($BM$389+$I13))+$AV13*($BK$405+$BJ$405*($BM$389+$I13))+$AW13*($BK$406+$BJ$406*($BM$389+$I13))+$AX13*($BK$407+$BJ$407*($BM$389+$I13))+$AY13*($BK$408+$BJ$408*($BM$389+$I13))+$AZ13*($BK$409+$BJ$409*($BM$389+$I13))+$BB13*($BK$411+$BJ$411*($BM$389+$I13))+$BC13*($BK$412+$BJ$412*($BM$389+$I13))+$BD13*($BK$413+$BJ$413*($BM$389+$I13))+$BF13*($BK$415+$BJ$415*($BM$389+$I13))+$BI13*($BK$416+$BJ$416*($BM$389+$I13)))/(SUM($AM13:$BJ13)-$AQ13-$BA13-$BE13-$BG13-$BH13-$BJ13)) -> -123.3178 | BL13: =IF($K13=$L13,$BK13,IF(OR($K13="graphite",$K13="vitreous carbon"),$BK$406+($BM$389+$I13)*$BJ$406,IF($K13="Pyrolytic Boron Nitride","PBN",IF(COUNTIF($BH$396:$BH$416,$K13)>0,VLOOKUP($K13,$BH$396:$BK$416,4,FALSE)+($BM$389+$I13)*VLOOKUP($K13,$BH$396:$BK$416,3,FALSE),IF(COUNTIF($L$2:$L12,$K13)>0,VLOOKUP($K13,$L$2:$BK12,52,FALSE),"idk"))))) -> -121.74824 | BM13: 12.7 | BN13: 6.3 | BO13: 0.58 | BP13: FLiBe | BQ13: ORNL | BR13: yes | BT13: 0 | DJ13: 0 | DK13: 0 | DM13: -5.6 | DO13: -0.08 | DQ13: 435000 | DR13: 1 | DS13: 3 | DU13: Composizione NOMINALE dei provini | DW13: =SUM(_2025_01_07T12_47_export3[[#This Row],[Ni_wt]:[H_wt]]) -> 100 | DY13: =SUM($AM13:BJ13) -> 100
A14: A0Ni-5Cr2015Zheng | B14: 12 | C14: University of Wisconsin Madison | D14: 2015 | E14: Zheng | F14: A0 | G14: static | H14: 0 | I14: 700 | J14: 500 | K14: Ni | L14: Ni-5Cr | N14: 8700000 | O14: 95 | P14: 5 | AM14: =100*(O14/BD$343)/($O14/$BD$343+$P14/$BD$344+$Q14/$BD$346+$R14/$BD$348+$S14/$BD$350+$T14/$BD$351+$U14/$BD$352+$V14/$BD$353+$W14/$BD$354+$X14/$BD$359+$Y14/$BD$360+$Z14/$BD$361+$AA14/$BD$362+$AB14/$BD$363+$AC14/$BD$364+$AD14/$BD$365+$AE14/$BD$366+$AF14/$BD$367+$AG14/$BD$369+$AH14/$BD$355+$AI14/$BD$356+$AJ14/$BD$357+$AK14/$BD$368+$AL14/$BD$358) -> 94.3928 | AN14: =100*(P14/BD$344)/($O14/$BD$343+$P14/$BD$344+$Q14/$BD$346+$R14/$BD$348+$S14/$BD$350+$T14/$BD$351+$U14/$BD$352+$V14/$BD$353+$W14/$BD$354+$X14/$BD$359+$Y14/$BD$360+$Z14/$BD$361+$AA14/$BD$362+$AB14/$BD$363+$AC14/$BD$364+$AD14/$BD$365+$AE14/$BD$366+$AF14/$BD$367+$AG14/$BD$369+$AH14/$BD$355+$AI14/$BD$356+$AJ14/$BD$357+$AK14/$BD$368+$AL14/$BD$358) -> 5.6071998 | AO14: =100*(Q14/BD$346)/($O14/$BD$343+$P14/$BD$344+$Q14/$BD$346+$R14/$BD$348+$S14/$BD$350+$T14/$BD$351+$U14/$BD$352+$V14/$BD$353+$W14/$BD$354+$X14/$BD$359+$Y14/$BD$360+$Z14/$BD$361+$AA14/$BD$362+$AB14/$BD$363+$AC14/$BD$364+$AD14/$BD$365+$AE14/$BD$366+$AF14/$BD$367+$AG14/$BD$369+$AH14/$BD$355+$AI14/$BD$356+$AJ14/$BD$357+$AK14/$BD$368+$AL14/$BD$358) -> 0 | AP14: =100*(R14/BD$348)/($O14/$BD$343+$P14/$BD$344+$Q14/$BD$346+$R14/$BD$348+$S14/$BD$350+$T14/$BD$351+$U14/$BD$352+$V14/$BD$353+$W14/$BD$354+$X14/$BD$359+$Y14/$BD$360+$Z14/$BD$361+$AA14/$BD$362+$AB14/$BD$363+$AC14/$BD$364+$AD14/$BD$365+$AE14/$BD$366+$AF14/$BD$367+$AG14/$BD$369+$AH14/$BD$355+$AI14/$BD$356+$AJ14/$BD$357+$AK14/$BD$368+$AL14/$BD$358) -> 0 | AQ14: =100*(S14/BD$350)/($O14/$BD$343+$P14/$BD$344+$Q14/$BD$346+$R14/$BD$348+$S14/$BD$350+$T14/$BD$351+$U14/$BD$352+$V14/$BD$353+$W14/$BD$354+$X14/$BD$359+$Y14/$BD$360+$Z14/$BD$361+$AA14/$BD$362+$AB14/$BD$363+$AC14/$BD$364+$AD14/$BD$365+$AE14/$BD$366+$AF14/$BD$367+$AG14/$BD$369+$AH14/$BD$355+$AI14/$BD$356+$AJ14/$BD$357+$AK14/$BD$368+$AL14/$BD$358) -> 0 | AR14: =100*(T14/BD$351)/($O14/$BD$343+$P14/$BD$344+$Q14/$BD$346+$R14/$BD$348+$S14/$BD$350+$T14/$BD$351+$U14/$BD$352+$V14/$BD$353+$W14/$BD$354+$X14/$BD$359+$Y14/$BD$360+$Z14/$BD$361+$AA14/$BD$362+$AB14/$BD$363+$AC14/$BD$364+$AD14/$BD$365+$AE14/$BD$366+$AF14/$BD$367+$AG14/$BD$369+$AH14/$BD$355+$AI14/$BD$356+$AJ14/$BD$357+$AK14/$BD$368+$AL14/$BD$358) -> 0 | AS14: =100*(U14/BD$352)/($O14/$BD$343+$P14/$BD$344+$Q14/$BD$346+$R14/$BD$348+$S14/$BD$350+$T14/$BD$351+$U14/$BD$352+$V14/$BD$353+$W14/$BD$354+$X14/$BD$359+$Y14/$BD$360+$Z14/$BD$361+$AA14/$BD$362+$AB14/$BD$363+$AC14/$BD$364+$AD14/$BD$365+$AE14/$BD$366+$AF14/$BD$367+$AG14/$BD$369+$AH14/$BD$355+$AI14/$BD$356+$AJ14/$BD$357+$AK14/$BD$368+$AL14/$BD$358) -> 0 | AT14: =100*(V14/BD$353)/($O14/$BD$343+$P14/$BD$344+$Q14/$BD$346+$R14/$BD$348+$S14/$BD$350+$T14/$BD$351+$U14/$BD$352+$V14/$BD$353+$W14/$BD$354+$X14/$BD$359+$Y14/$BD$360+$Z14/$BD$361+$AA14/$BD$362+$AB14/$BD$363+$AC14/$BD$364+$AD14/$BD$365+$AE14/$BD$366+$AF14/$BD$367+$AG14/$BD$369+$AH14/$BD$355+$AI14/$BD$356+$AJ14/$BD$357+$AK14/$BD$368+$AL14/$BD$358) -> 0 | AU14: =100*(W14/BD$354)/($O14/$BD$343+$P14/$BD$344+$Q14/$BD$346+$R14/$BD$348+$S14/$BD$350+$T14/$BD$351+$U14/$BD$352+$V14/$BD$353+$W14/$BD$354+$X14/$BD$359+$Y14/$BD$360+$Z14/$BD$361+$AA14/$BD$362+$AB14/$BD$363+$AC14/$BD$364+$AD14/$BD$365+$AE14/$BD$366+$AF14/$BD$367+$AG14/$BD$369+$AH14/$BD$355+$AI14/$BD$356+$AJ14/$BD$357+$AK14/$BD$368+$AL14/$BD$358) -> 0 | AV14: =100*(X14/BD$359)/($O14/$BD$343+$P14/$BD$344+$Q14/$BD$346+$R14/$BD$348+$S14/$BD$350+$T14/$BD$351+$U14/$BD$352+$V14/$BD$353+$W14/$BD$354+$X14/$BD$359+$Y14/$BD$360+$Z14/$BD$361+$AA14/$BD$362+$AB14/$BD$363+$AC14/$BD$364+$AD14/$BD$365+$AE14/$BD$366+$AF14/$BD$367+$AG14/$BD$369+$AH14/$BD$355+$AI14/$BD$356+$AJ14/$BD$357+$AK14/$BD$368+$AL14/$BD$358) -> 0 | AW14: =100*(Y14/BD$360)/($O14/$BD$343+$P14/$BD$344+$Q14/$BD$346+$R14/$BD$348+$S14/$BD$350+$T14/$BD$351+$U14/$BD$352+$V14/$BD$353+$W14/$BD$354+$X14/$BD$359+$Y14/$BD$360+$Z14/$BD$361+$AA14/$BD$362+$AB14/$BD$363+$AC14/$BD$364+$AD14/$BD$365+$AE14/$BD$366+$AF14/$BD$367+$AG14/$BD$369+$AH14/$BD$355+$AI14/$BD$356+$AJ14/$BD$357+$AK14/$BD$368+$AL14/$BD$358) -> 0 | AX14: =100*(Z14/BD$361)/($O14/$BD$343+$P14/$BD$344+$Q14/$BD$346+$R14/$BD$348+$S14/$BD$350+$T14/$BD$351+$U14/$BD$352+$V14/$BD$353+$W14/$BD$354+$X14/$BD$359+$Y14/$BD$360+$Z14/$BD$361+$AA14/$BD$362+$AB14/$BD$363+$AC14/$BD$364+$AD14/$BD$365+$AE14/$BD$366+$AF14/$BD$367+$AG14/$BD$369+$AH14/$BD$355+$AI14/$BD$356+$AJ14/$BD$357+$AK14/$BD$368+$AL14/$BD$358) -> 0 | AY14: =100*(AA14/BD$362)/($O14/$BD$343+$P14/$BD$344+$Q14/$BD$346+$R14/$BD$348+$S14/$BD$350+$T14/$BD$351+$U14/$BD$352+$V14/$BD$353+$W14/$BD$354+$X14/$BD$359+$Y14/$BD$360+$Z14/$BD$361+$AA14/$BD$362+$AB14/$BD$363+$AC14/$BD$364+$AD14/$BD$365+$AE14/$BD$366+$AF14/$BD$367+$AG14/$BD$369+$AH14/$BD$355+$AI14/$BD$356+$AJ14/$BD$357+$AK14/$BD$368+$AL14/$BD$358) -> 0 | AZ14: =100*(AB14/BD$363)/($O14/$BD$343+$P14/$BD$344+$Q14/$BD$346+$R14/$BD$348+$S14/$BD$350+$T14/$BD$351+$U14/$BD$352+$V14/$BD$353+$W14/$BD$354+$X14/$BD$359+$Y14/$BD$360+$Z14/$BD$361+$AA14/$BD$362+$AB14/$BD$363+$AC14/$BD$364+$AD14/$BD$365+$AE14/$BD$366+$AF14/$BD$367+$AG14/$BD$369+$AH14/$BD$355+$AI14/$BD$356+$AJ14/$BD$357+$AK14/$BD$368+$AL14/$BD$358) -> 0 | BA14: =100*(AC14/BD$364)/($O14/$BD$343+$P14/$BD$344+$Q14/$BD$346+$R14/$BD$348+$S14/$BD$350+$T14/$BD$351+$U14/$BD$352+$V14/$BD$353+$W14/$BD$354+$X14/$BD$359+$Y14/$BD$360+$Z14/$BD$361+$AA14/$BD$362+$AB14/$BD$363+$AC14/$BD$364+$AD14/$BD$365+$AE14/$BD$366+$AF14/$BD$367+$AG14/$BD$369+$AH14/$BD$355+$AI14/$BD$356+$AJ14/$BD$357+$AK14/$BD$368+$AL14/$BD$358) -> 0 | BB14: =100*(AD14/BD$365)/($O14/$BD$343+$P14/$BD$344+$Q14/$BD$346+$R14/$BD$348+$S14/$BD$350+$T14/$BD$351+$U14/$BD$352+$V14/$BD$353+$W14/$BD$354+$X14/$BD$359+$Y14/$BD$360+$Z14/$BD$361+$AA14/$BD$362+$AB14/$BD$363+$AC14/$BD$364+$AD14/$BD$365+$AE14/$BD$366+$AF14/$BD$367+$AG14/$BD$369+$AH14/$BD$355+$AI14/$BD$356+$AJ14/$BD$357+$AK14/$BD$368+$AL14/$BD$358) -> 0 | BC14: =100*(AE14/BD$366)/($O14/$BD$343+$P14/$BD$344+$Q14/$BD$346+$R14/$BD$348+$S14/$BD$350+$T14/$BD$351+$U14/$BD$352+$V14/$BD$353+$W14/$BD$354+$X14/$BD$359+$Y14/$BD$360+$Z14/$BD$361+$AA14/$BD$362+$AB14/$BD$363+$AC14/$BD$364+$AD14/$BD$365+$AE14/$BD$366+$AF14/$BD$367+$AG14/$BD$369+$AH14/$BD$355+$AI14/$BD$356+$AJ14/$BD$357+$AK14/$BD$368+$AL14/$BD$358) -> 0 | BD14: =100*(AF14/BD$367)/($O14/$BD$343+$P14/$BD$344+$Q14/$BD$346+$R14/$BD$348+$S14/$BD$350+$T14/$BD$351+$U14/$BD$352+$V14/$BD$353+$W14/$BD$354+$X14/$BD$359+$Y14/$BD$360+$Z14/$BD$361+$AA14/$BD$362+$AB14/$BD$363+$AC14/$BD$364+$AD14/$BD$365+$AE14/$BD$366+$AF14/$BD$367+$AG14/$BD$369+$AH14/$BD$355+$AI14/$BD$356+$AJ14/$BD$357+$AK14/$BD$368+$AL14/$BD$358) -> 0 | BE14: =100*(AG14/BD$369)/($O14/$BD$343+$P14/$BD$344+$Q14/$BD$346+$R14/$BD$348+$S14/$BD$350+$T14/$BD$351+$U14/$BD$352+$V14/$BD$353+$W14/$BD$354+$X14/$BD$359+$Y14/$BD$360+$Z14/$BD$361+$AA14/$BD$362+$AB14/$BD$363+$AC14/$BD$364+$AD14/$BD$365+$AE14/$BD$366+$AF14/$BD$367+$AG14/$BD$369+$AH14/$BD$355+$AI14/$BD$356+$AJ14/$BD$357+$AK14/$BD$368+$AL14/$BD$358) -> 0 | BF14: =100*(AH14/BD$355)/($O14/$BD$343+$P14/$BD$344+$Q14/$BD$346+$R14/$BD$348+$S14/$BD$350+$T14/$BD$351+$U14/$BD$352+$V14/$BD$353+$W14/$BD$354+$X14/$BD$359+$Y14/$BD$360+$Z14/$BD$361+$AA14/$BD$362+$AB14/$BD$363+$AC14/$BD$364+$AD14/$BD$365+$AE14/$BD$366+$AF14/$BD$367+$AG14/$BD$369+$AH14/$BD$355+$AI14/$BD$356+$AJ14/$BD$357+$AK14/$BD$368+$AL14/$BD$358) -> 0 | BG14: =100*(AI14/BD$356)/($O14/$BD$343+$P14/$BD$344+$Q14/$BD$346+$R14/$BD$348+$S14/$BD$350+$T14/$BD$351+$U14/$BD$352+$V14/$BD$353+$W14/$BD$354+$X14/$BD$359+$Y14/$BD$360+$Z14/$BD$361+$AA14/$BD$362+$AB14/$BD$363+$AC14/$BD$364+$AD14/$BD$365+$AE14/$BD$366+$AF14/$BD$367+$AG14/$BD$369+$AH14/$BD$355+$AI14/$BD$356+$AJ14/$BD$357+$AK14/$BD$368+$AL14/$BD$358) -> 0 | BH14: =100*(AJ14/BD$357)/($O14/$BD$343+$P14/$BD$344+$Q14/$BD$346+$R14/$BD$348+$S14/$BD$350+$T14/$BD$351+$U14/$BD$352+$V14/$BD$353+$W14/$BD$354+$X14/$BD$359+$Y14/$BD$360+$Z14/$BD$361+$AA14/$BD$362+$AB14/$BD$363+$AC14/$BD$364+$AD14/$BD$365+$AE14/$BD$366+$AF14/$BD$367+$AG14/$BD$369+$AH14/$BD$355+$AI14/$BD$356+$AJ14/$BD$357+$AK14/$BD$368+$AL14/$BD$358) -> 0 | BI14: =100*(AK14/BD$368)/($O14/$BD$343+$P14/$BD$344+$Q14/$BD$346+$R14/$BD$348+$S14/$BD$350+$T14/$BD$351+$U14/$BD$352+$V14/$BD$353+$W14/$BD$354+$X14/$BD$359+$Y14/$BD$360+$Z14/$BD$361+$AA14/$BD$362+$AB14/$BD$363+$AC14/$BD$364+$AD14/$BD$365+$AE14/$BD$366+$AF14/$BD$367+$AG14/$BD$369+$AH14/$BD$355+$AI14/$BD$356+$AJ14/$BD$357+$AK14/$BD$368+$AL14/$BD$358) -> 0 | BJ14: =100*(AL14/BD$358)/($O14/$BD$343+$P14/$BD$344+$Q14/$BD$346+$R14/$BD$348+$S14/$BD$350+$T14/$BD$351+$U14/$BD$352+$V14/$BD$353+$W14/$BD$354+$X14/$BD$359+$Y14/$BD$360+$Z14/$BD$361+$AA14/$BD$362+$AB14/$BD$363+$AC14/$BD$364+$AD14/$BD$365+$AE14/$BD$366+$AF14/$BD$367+$AG14/$BD$369+$AH14/$BD$355+$AI14/$BD$356+$AJ14/$BD$357+$AK14/$BD$368+$AL14/$BD$358) -> 0 | BK14: =(($AM14*($BK$396+$BJ$396*($BM$389+$I14))+$AN14*($BK$397+$BJ$397*($BM$389+$I14))+$AO14*($BK$398+$BJ$398*($BM$389+$I14))+$AP14*($BK$399+$BJ$399*($BM$389+$I14))+$AR14*($BK$401+$BJ$401*($BM$389+$I14))+$AS14*($BK$402+$BJ$402*($BM$389+$I14))+$AT14*($BK$403+$BJ$403*($BM$389+$I14))+$AU14*($BK$404+$BJ$404*($BM$389+$I14))+$AV14*($BK$405+$BJ$405*($BM$389+$I14))+$AW14*($BK$406+$BJ$406*($BM$389+$I14))+$AX14*($BK$407+$BJ$407*($BM$389+$I14))+$AY14*($BK$408+$BJ$408*($BM$389+$I14))+$AZ14*($BK$409+$BJ$409*($BM$389+$I14))+$BB14*($BK$411+$BJ$411*($BM$389+$I14))+$BC14*($BK$412+$BJ$412*($BM$389+$I14))+$BD14*($BK$413+$BJ$413*($BM$389+$I14))+$BF14*($BK$415+$BJ$415*($BM$389+$I14))+$BI14*($BK$416+$BJ$416*($BM$389+$I14)))/(SUM($AM14:$BJ14)-$AQ14-$BA14-$BE14-$BG14-$BH14-$BJ14)) -> -123.3178 | BL14: =IF($K14=$L14,$BK14,IF(OR($K14="graphite",$K14="vitreous carbon"),$BK$406+($BM$389+$I14)*$BJ$406,IF($K14="Pyrolytic Boron Nitride","PBN",IF(COUNTIF($BH$396:$BH$416,$K14)>0,VLOOKUP($K14,$BH$396:$BK$416,4,FALSE)+($BM$389+$I14)*VLOOKUP($K14,$BH$396:$BK$416,3,FALSE),IF(COUNTIF($L$2:$L13,$K14)>0,VLOOKUP($K14,$L$2:$BK13,52,FALSE),"idk"))))) -> -121.74824 | BM14: 12.7 | BN14: 6.3 | BO14: 0.58 | BP14: FLiBe | BQ14: ORNL | BR14: yes | BT14: 0 | DJ14: 0 | DK14: 0 | DM14: -18 | DO14: -0.27 | DQ14: 435000 | DR14: 2 | DS14: 3 | DU14: Composizione NOMINALE dei provini | DW14: =SUM(_2025_01_07T12_47_export3[[#This Row],[Ni_wt]:[H_wt]]) -> 100 | DY14: =SUM($AM14:BJ14) -> 100
A15: A0Ni-5Cr2015Zheng | B15: 13 | C15: University of Wisconsin Madison | D15: 2015 | E15: Zheng | F15: A0 | G15: static | H15: 0 | I15: 700 | J15: 1000 | K15: Ni | L15: Ni-5Cr | N15: 8700000 | O15: 95 | P15: 5 | AM15: =100*(O15/BD$343)/($O15/$BD$343+$P15/$BD$344+$Q15/$BD$346+$R15/$BD$348+$S15/$BD$350+$T15/$BD$351+$U15/$BD$352+$V15/$BD$353+$W15/$BD$354+$X15/$BD$359+$Y15/$BD$360+$Z15/$BD$361+$AA15/$BD$362+$AB15/$BD$363+$AC15/$BD$364+$AD15/$BD$365+$AE15/$BD$366+$AF15/$BD$367+$AG15/$BD$369+$AH15/$BD$355+$AI15/$BD$356+$AJ15/$BD$357+$AK15/$BD$368+$AL15/$BD$358) -> 94.3928 | AN15: =100*(P15/BD$344)/($O15/$BD$343+$P15/$BD$344+$Q15/$BD$346+$R15/$BD$348+$S15/$BD$350+$T15/$BD$351+$U15/$BD$352+$V15/$BD$353+$W15/$BD$354+$X15/$BD$359+$Y15/$BD$360+$Z15/$BD$361+$AA15/$BD$362+$AB15/$BD$363+$AC15/$BD$364+$AD15/$BD$365+$AE15/$BD$366+$AF15/$BD$367+$AG15/$BD$369+$AH15/$BD$355+$AI15/$BD$356+$AJ15/$BD$357+$AK15/$BD$368+$AL15/$BD$358) -> 5.6071998 | AO15: =100*(Q15/BD$346)/($O15/$BD$343+$P15/$BD$344+$Q15/$BD$346+$R15/$BD$348+$S15/$BD$350+$T15/$BD$351+$U15/$BD$352+$V15/$BD$353+$W15/$BD$354+$X15/$BD$359+$Y15/$BD$360+$Z15/$BD$361+$AA15/$BD$362+$AB15/$BD$363+$AC15/$BD$364+$AD15/$BD$365+$AE15/$BD$366+$AF15/$BD$367+$AG15/$BD$369+$AH15/$BD$355+$AI15/$BD$356+$AJ15/$BD$357+$AK15/$BD$368+$AL15/$BD$358) -> 0 | AP15: =100*(R15/BD$348)/($O15/$BD$343+$P15/$BD$344+$Q15/$BD$346+$R15/$BD$348+$S15/$BD$350+$T15/$BD$351+$U15/$BD$352+$V15/$BD$353+$W15/$BD$354+$X15/$BD$359+$Y15/$BD$360+$Z15/$BD$361+$AA15/$BD$362+$AB15/$BD$363+$AC15/$BD$364+$AD15/$BD$365+$AE15/$BD$366+$AF15/$BD$367+$AG15/$BD$369+$AH15/$BD$355+$AI15/$BD$356+$AJ15/$BD$357+$AK15/$BD$368+$AL15/$BD$358) -> 0 | AQ15: =100*(S15/BD$350)/($O15/$BD$343+$P15/$BD$344+$Q15/$BD$346+$R15/$BD$348+$S15/$BD$350+$T15/$BD$351+$U15/$BD$352+$V15/$BD$353+$W15/$BD$354+$X15/$BD$359+$Y15/$BD$360+$Z15/$BD$361+$AA15/$BD$362+$AB15/$BD$363+$AC15/$BD$364+$AD15/$BD$365+$AE15/$BD$366+$AF15/$BD$367+$AG15/$BD$369+$AH15/$BD$355+$AI15/$BD$356+$AJ15/$BD$357+$AK15/$BD$368+$AL15/$BD$358) -> 0 | AR15: =100*(T15/BD$351)/($O15/$BD$343+$P15/$BD$344+$Q15/$BD$346+$R15/$BD$348+$S15/$BD$350+$T15/$BD$351+$U15/$BD$352+$V15/$BD$353+$W15/$BD$354+$X15/$BD$359+$Y15/$BD$360+$Z15/$BD$361+$AA15/$BD$362+$AB15/$BD$363+$AC15/$BD$364+$AD15/$BD$365+$AE15/$BD$366+$AF15/$BD$367+$AG15/$BD$369+$AH15/$BD$355+$AI15/$BD$356+$AJ15/$BD$357+$AK15/$BD$368+$AL15/$BD$358) -> 0 | AS15: =100*(U15/BD$352)/($O15/$BD$343+$P15/$BD$344+$Q15/$BD$346+$R15/$BD$348+$S15/$BD$350+$T15/$BD$351+$U15/$BD$352+$V15/$BD$353+$W15/$BD$354+$X15/$BD$359+$Y15/$BD$360+$Z15/$BD$361+$AA15/$BD$362+$AB15/$BD$363+$AC15/$BD$364+$AD15/$BD$365+$AE15/$BD$366+$AF15/$BD$367+$AG15/$BD$369+$AH15/$BD$355+$AI15/$BD$356+$AJ15/$BD$357+$AK15/$BD$368+$AL15/$BD$358) -> 0 | AT15: =100*(V15/BD$353)/($O15/$BD$343+$P15/$BD$344+$Q15/$BD$346+$R15/$BD$348+$S15/$BD$350+$T15/$BD$351+$U15/$BD$352+$V15/$BD$353+$W15/$BD$354+$X15/$BD$359+$Y15/$BD$360+$Z15/$BD$361+$AA15/$BD$362+$AB15/$BD$363+$AC15/$BD$364+$AD15/$BD$365+$AE15/$BD$366+$AF15/$BD$367+$AG15/$BD$369+$AH15/$BD$355+$AI15/$BD$356+$AJ15/$BD$357+$AK15/$BD$368+$AL15/$BD$358) -> 0 | AU15: =100*(W15/BD$354)/($O15/$BD$343+$P15/$BD$344+$Q15/$BD$346+$R15/$BD$348+$S15/$BD$350+$T15/$BD$351+$U15/$BD$352+$V15/$BD$353+$W15/$BD$354+$X15/$BD$359+$Y15/$BD$360+$Z15/$BD$361+$AA15/$BD$362+$AB15/$BD$363+$AC15/$BD$364+$AD15/$BD$365+$AE15/$BD$366+$AF15/$BD$367+$AG15/$BD$369+$AH15/$BD$355+$AI15/$BD$356+$AJ15/$BD$357+$AK15/$BD$368+$AL15/$BD$358) -> 0 | AV15: =100*(X15/BD$359)/($O15/$BD$343+$P15/$BD$344+$Q15/$BD$346+$R15/$BD$348+$S15/$BD$350+$T15/$BD$351+$U15/$BD$352+$V15/$BD$353+$W15/$BD$354+$X15/$BD$359+$Y15/$BD$360+$Z15/$BD$361+$AA15/$BD$362+$AB15/$BD$363+$AC15/$BD$364+$AD15/$BD$365+$AE15/$BD$366+$AF15/$BD$367+$AG15/$BD$369+$AH15/$BD$355+$AI15/$BD$356+$AJ15/$BD$357+$AK15/$BD$368+$AL15/$BD$358) -> 0 | AW15: =100*(Y15/BD$360)/($O15/$BD$343+$P15/$BD$344+$Q15/$BD$346+$R15/$BD$348+$S15/$BD$350+$T15/$BD$351+$U15/$BD$352+$V15/$BD$353+$W15/$BD$354+$X15/$BD$359+$Y15/$BD$360+$Z15/$BD$361+$AA15/$BD$362+$AB15/$BD$363+$AC15/$BD$364+$AD15/$BD$365+$AE15/$BD$366+$AF15/$BD$367+$AG15/$BD$369+$AH15/$BD$355+$AI15/$BD$356+$AJ15/$BD$357+$AK15/$BD$368+$AL15/$BD$358) -> 0 | AX15: =100*(Z15/BD$361)/($O15/$BD$343+$P15/$BD$344+$Q15/$BD$346+$R15/$BD$348+$S15/$BD$350+$T15/$BD$351+$U15/$BD$352+$V15/$BD$353+$W15/$BD$354+$X15/$BD$359+$Y15/$BD$360+$Z15/$BD$361+$AA15/$BD$362+$AB15/$BD$363+$AC15/$BD$364+$AD15/$BD$365+$AE15/$BD$366+$AF15/$BD$367+$AG15/$BD$369+$AH15/$BD$355+$AI15/$BD$356+$AJ15/$BD$357+$AK15/$BD$368+$AL15/$BD$358) -> 0 | AY15: =100*(AA15/BD$362)/($O15/$BD$343+$P15/$BD$344+$Q15/$BD$346+$R15/$BD$348+$S15/$BD$350+$T15/$BD$351+$U15/$BD$352+$V15/$BD$353+$W15/$BD$354+$X15/$BD$359+$Y15/$BD$360+$Z15/$BD$361+$AA15/$BD$362+$AB15/$BD$363+$AC15/$BD$364+$AD15/$BD$365+$AE15/$BD$366+$AF15/$BD$367+$AG15/$BD$369+$AH15/$BD$355+$AI15/$BD$356+$AJ15/$BD$357+$AK15/$BD$368+$AL15/$BD$358) -> 0 | AZ15: =100*(AB15/BD$363)/($O15/$BD$343+$P15/$BD$344+$Q15/$BD$346+$R15/$BD$348+$S15/$BD$350+$T15/$BD$351+$U15/$BD$352+$V15/$BD$353+$W15/$BD$354+$X15/$BD$359+$Y15/$BD$360+$Z15/$BD$361+$AA15/$BD$362+$AB15/$BD$363+$AC15/$BD$364+$AD15/$BD$365+$AE15/$BD$366+$AF15/$BD$367+$AG15/$BD$369+$AH15/$BD$355+$AI15/$BD$356+$AJ15/$BD$357+$AK15/$BD$368+$AL15/$BD$358) -> 0 | BA15: =100*(AC15/BD$364)/($O15/$BD$343+$P15/$BD$344+$Q15/$BD$346+$R15/$BD$348+$S15/$BD$350+$T15/$BD$351+$U15/$BD$352+$V15/$BD$353+$W15/$BD$354+$X15/$BD$359+$Y15/$BD$360+$Z15/$BD$361+$AA15/$BD$362+$AB15/$BD$363+$AC15/$BD$364+$AD15/$BD$365+$AE15/$BD$366+$AF15/$BD$367+$AG15/$BD$369+$AH15/$BD$355+$AI15/$BD$356+$AJ15/$BD$357+$AK15/$BD$368+$AL15/$BD$358) -> 0 | BB15: =100*(AD15/BD$365)/($O15/$BD$343+$P15/$BD$344+$Q15/$BD$346+$R15/$BD$348+$S15/$BD$350+$T15/$BD$351+$U15/$BD$352+$V15/$BD$353+$W15/$BD$354+$X15/$BD$359+$Y15/$BD$360+$Z15/$BD$361+$AA15/$BD$362+$AB15/$BD$363+$AC15/$BD$364+$AD15/$BD$365+$AE15/$BD$366+$AF15/$BD$367+$AG15/$BD$369+$AH15/$BD$355+$AI15/$BD$356+$AJ15/$BD$357+$AK15/$BD$368+$AL15/$BD$358) -> 0 | BC15: =100*(AE15/BD$366)/($O15/$BD$343+$P15/$BD$344+$Q15/$BD$346+$R15/$BD$348+$S15/$BD$350+$T15/$BD$351+$U15/$BD$352+$V15/$BD$353+$W15/$BD$354+$X15/$BD$359+$Y15/$BD$360+$Z15/$BD$361+$AA15/$BD$362+$AB15/$BD$363+$AC15/$BD$364+$AD15/$BD$365+$AE15/$BD$366+$AF15/$BD$367+$AG15/$BD$369+$AH15/$BD$355+$AI15/$BD$356+$AJ15/$BD$357+$AK15/$BD$368+$AL15/$BD$358) -> 0 | BD15: =100*(AF15/BD$367)/($O15/$BD$343+$P15/$BD$344+$Q15/$BD$346+$R15/$BD$348+$S15/$BD$350+$T15/$BD$351+$U15/$BD$352+$V15/$BD$353+$W15/$BD$354+$X15/$BD$359+$Y15/$BD$360+$Z15/$BD$361+$AA15/$BD$362+$AB15/$BD$363+$AC15/$BD$364+$AD15/$BD$365+$AE15/$BD$366+$AF15/$BD$367+$AG15/$BD$369+$AH15/$BD$355+$AI15/$BD$356+$AJ15/$BD$357+$AK15/$BD$368+$AL15/$BD$358) -> 0 | BE15: =100*(AG15/BD$369)/($O15/$BD$343+$P15/$BD$344+$Q15/$BD$346+$R15/$BD$348+$S15/$BD$350+$T15/$BD$351+$U15/$BD$352+$V15/$BD$353+$W15/$BD$354+$X15/$BD$359+$Y15/$BD$360+$Z15/$BD$361+$AA15/$BD$362+$AB15/$BD$363+$AC15/$BD$364+$AD15/$BD$365+$AE15/$BD$366+$AF15/$BD$367+$AG15/$BD$369+$AH15/$BD$355+$AI15/$BD$356+$AJ15/$BD$357+$AK15/$BD$368+$AL15/$BD$358) -> 0 | BF15: =100*(AH15/BD$355)/($O15/$BD$343+$P15/$BD$344+$Q15/$BD$346+$R15/$BD$348+$S15/$BD$350+$T15/$BD$351+$U15/$BD$352+$V15/$BD$353+$W15/$BD$354+$X15/$BD$359+$Y15/$BD$360+$Z15/$BD$361+$AA15/$BD$362+$AB15/$BD$363+$AC15/$BD$364+$AD15/$BD$365+$AE15/$BD$366+$AF15/$BD$367+$AG15/$BD$369+$AH15/$BD$355+$AI15/$BD$356+$AJ15/$BD$357+$AK15/$BD$368+$AL15/$BD$358) -> 0 | BG15: =100*(AI15/BD$356)/($O15/$BD$343+$P15/$BD$344+$Q15/$BD$346+$R15/$BD$348+$S15/$BD$350+$T15/$BD$351+$U15/$BD$352+$V15/$BD$353+$W15/$BD$354+$X15/$BD$359+$Y15/$BD$360+$Z15/$BD$361+$AA15/$BD$362+$AB15/$BD$363+$AC15/$BD$364+$AD15/$BD$365+$AE15/$BD$366+$AF15/$BD$367+$AG15/$BD$369+$AH15/$BD$355+$AI15/$BD$356+$AJ15/$BD$357+$AK15/$BD$368+$AL15/$BD$358) -> 0 | BH15: =100*(AJ15/BD$357)/($O15/$BD$343+$P15/$BD$344+$Q15/$BD$346+$R15/$BD$348+$S15/$BD$350+$T15/$BD$351+$U15/$BD$352+$V15/$BD$353+$W15/$BD$354+$X15/$BD$359+$Y15/$BD$360+$Z15/$BD$361+$AA15/$BD$362+$AB15/$BD$363+$AC15/$BD$364+$AD15/$BD$365+$AE15/$BD$366+$AF15/$BD$367+$AG15/$BD$369+$AH15/$BD$355+$AI15/$BD$356+$AJ15/$BD$357+$AK15/$BD$368+$AL15/$BD$358) -> 0 | BI15: =100*(AK15/BD$368)/($O15/$BD$343+$P15/$BD$344+$Q15/$BD$346+$R15/$BD$348+$S15/$BD$350+$T15/$BD$351+$U15/$BD$352+$V15/$BD$353+$W15/$BD$354+$X15/$BD$359+$Y15/$BD$360+$Z15/$BD$361+$AA15/$BD$362+$AB15/$BD$363+$AC15/$BD$364+$AD15/$BD$365+$AE15/$BD$366+$AF15/$BD$367+$AG15/$BD$369+$AH15/$BD$355+$AI15/$BD$356+$AJ15/$BD$357+$AK15/$BD$368+$AL15/$BD$358) -> 0 | BJ15: =100*(AL15/BD$358)/($O15/$BD$343+$P15/$BD$344+$Q15/$BD$346+$R15/$BD$348+$S15/$BD$350+$T15/$BD$351+$U15/$BD$352+$V15/$BD$353+$W15/$BD$354+$X15/$BD$359+$Y15/$BD$360+$Z15/$BD$361+$AA15/$BD$362+$AB15/$BD$363+$AC15/$BD$364+$AD15/$BD$365+$AE15/$BD$366+$AF15/$BD$367+$AG15/$BD$369+$AH15/$BD$355+$AI15/$BD$356+$AJ15/$BD$357+$AK15/$BD$368+$AL15/$BD$358) -> 0 | BK15: =(($AM15*($BK$396+$BJ$396*($BM$389+$I15))+$AN15*($BK$397+$BJ$397*($BM$389+$I15))+$AO15*($BK$398+$BJ$398*($BM$389+$I15))+$AP15*($BK$399+$BJ$399*($BM$389+$I15))+$AR15*($BK$401+$BJ$401*($BM$389+$I15))+$AS15*($BK$402+$BJ$402*($BM$389+$I15))+$AT15*($BK$403+$BJ$403*($BM$389+$I15))+$AU15*($BK$404+$BJ$404*($BM$389+$I15))+$AV15*($BK$405+$BJ$405*($BM$389+$I15))+$AW15*($BK$406+$BJ$406*($BM$389+$I15))+$AX15*($BK$407+$BJ$407*($BM$389+$I15))+$AY15*($BK$408+$BJ$408*($BM$389+$I15))+$AZ15*($BK$409+$BJ$409*($BM$389+$I15))+$BB15*($BK$411+$BJ$411*($BM$389+$I15))+$BC15*($BK$412+$BJ$412*($BM$389+$I15))+$BD15*($BK$413+$BJ$413*($BM$389+$I15))+$BF15*($BK$415+$BJ$415*($BM$389+$I15))+$BI15*($BK$416+$BJ$416*($BM$389+$I15)))/(SUM($AM15:$BJ15)-$AQ15-$BA15-$BE15-$BG15-$BH15-$BJ15)) -> -123.3178 | BL15: =IF($K15=$L15,$BK15,IF(OR($K15="graphite",$K15="vitreous carbon"),$BK$406+($BM$389+$I15)*$BJ$406,IF($K15="Pyrolytic Boron Nitride","PBN",IF(COUNTIF($BH$396:$BH$416,$K15)>0,VLOOKUP($K15,$BH$396:$BK$416,4,FALSE)+($BM$389+$I15)*VLOOKUP($K15,$BH$396:$BK$416,3,FALSE),IF(COUNTIF($L$2:$L14,$K15)>0,VLOOKUP($K15,$L$2:$BK14,52,FALSE),"idk"))))) -> -121.74824 | BM15: 12.7 | BN15: 6.3 | BO15: 0.58 | BP15: FLiBe | BQ15: ORNL | BR15: yes | BT15: 0 | DJ15: 0 | DK15: 0 | DM15: -21.8 | DO15: -0.43 | DQ15: 435000 | DR15: 3 | DS15: 3 | DU15: Composizione NOMINALE dei provini | DW15: =SUM(_2025_01_07T12_47_export3[[#This Row],[Ni_wt]:[H_wt]]) -> 100 | DY15: =SUM($AM15:BJ15) -> 100
A16: B1Cr2023Pint | B16: 24 | C16: ORNL | D16: 2023 | E16: Pint | F16: B1 | G16: static | H16: 0 | I16: 550 | J16: 500 | K16: Mo | L16: Cr | N16: 8960000 | P16: 100 | AM16: =100*(O16/BD$343)/($O16/$BD$343+$P16/$BD$344+$Q16/$BD$346+$R16/$BD$348+$S16/$BD$350+$T16/$BD$351+$U16/$BD$352+$V16/$BD$353+$W16/$BD$354+$X16/$BD$359+$Y16/$BD$360+$Z16/$BD$361+$AA16/$BD$362+$AB16/$BD$363+$AC16/$BD$364+$AD16/$BD$365+$AE16/$BD$366+$AF16/$BD$367+$AG16/$BD$369+$AH16/$BD$355+$AI16/$BD$356+$AJ16/$BD$357+$AK16/$BD$368+$AL16/$BD$358) -> 0 | AN16: =100*(P16/BD$344)/($O16/$BD$343+$P16/$BD$344+$Q16/$BD$346+$R16/$BD$348+$S16/$BD$350+$T16/$BD$351+$U16/$BD$352+$V16/$BD$353+$W16/$BD$354+$X16/$BD$359+$Y16/$BD$360+$Z16/$BD$361+$AA16/$BD$362+$AB16/$BD$363+$AC16/$BD$364+$AD16/$BD$365+$AE16/$BD$366+$AF16/$BD$367+$AG16/$BD$369+$AH16/$BD$355+$AI16/$BD$356+$AJ16/$BD$357+$AK16/$BD$368+$AL16/$BD$358) -> 100 | AO16: =100*(Q16/BD$346)/($O16/$BD$343+$P16/$BD$344+$Q16/$BD$346+$R16/$BD$348+$S16/$BD$350+$T16/$BD$351+$U16/$BD$352+$V16/$BD$353+$W16/$BD$354+$X16/$BD$359+$Y16/$BD$360+$Z16/$BD$361+$AA16/$BD$362+$AB16/$BD$363+$AC16/$BD$364+$AD16/$BD$365+$AE16/$BD$366+$AF16/$BD$367+$AG16/$BD$369+$AH16/$BD$355+$AI16/$BD$356+$AJ16/$BD$357+$AK16/$BD$368+$AL16/$BD$358) -> 0 | AP16: =100*(R16/BD$348)/($O16/$BD$343+$P16/$BD$344+$Q16/$BD$346+$R16/$BD$348+$S16/$BD$350+$T16/$BD$351+$U16/$BD$352+$V16/$BD$353+$W16/$BD$354+$X16/$BD$359+$Y16/$BD$360+$Z16/$BD$361+$AA16/$BD$362+$AB16/$BD$363+$AC16/$BD$364+$AD16/$BD$365+$AE16/$BD$366+$AF16/$BD$367+$AG16/$BD$369+$AH16/$BD$355+$AI16/$BD$356+$AJ16/$BD$357+$AK16/$BD$368+$AL16/$BD$358) -> 0 | AQ16: =100*(S16/BD$350)/($O16/$BD$343+$P16/$BD$344+$Q16/$BD$346+$R16/$BD$348+$S16/$BD$350+$T16/$BD$351+$U16/$BD$352+$V16/$BD$353+$W16/$BD$354+$X16/$BD$359+$Y16/$BD$360+$Z16/$BD$361+$AA16/$BD$362+$AB16/$BD$363+$AC16/$BD$364+$AD16/$BD$365+$AE16/$BD$366+$AF16/$BD$367+$AG16/$BD$369+$AH16/$BD$355+$AI16/$BD$356+$AJ16/$BD$357+$AK16/$BD$368+$AL16/$BD$358) -> 0 | AR16: =100*(T16/BD$351)/($O16/$BD$343+$P16/$BD$344+$Q16/$BD$346+$R16/$BD$348+$S16/$BD$350+$T16/$BD$351+$U16/$BD$352+$V16/$BD$353+$W16/$BD$354+$X16/$BD$359+$Y16/$BD$360+$Z16/$BD$361+$AA16/$BD$362+$AB16/$BD$363+$AC16/$BD$364+$AD16/$BD$365+$AE16/$BD$366+$AF16/$BD$367+$AG16/$BD$369+$AH16/$BD$355+$AI16/$BD$356+$AJ16/$BD$357+$AK16/$BD$368+$AL16/$BD$358) -> 0 | AS16: =100*(U16/BD$352)/($O16/$BD$343+$P16/$BD$344+$Q16/$BD$346+$R16/$BD$348+$S16/$BD$350+$T16/$BD$351+$U16/$BD$352+$V16/$BD$353+$W16/$BD$354+$X16/$BD$359+$Y16/$BD$360+$Z16/$BD$361+$AA16/$BD$362+$AB16/$BD$363+$AC16/$BD$364+$AD16/$BD$365+$AE16/$BD$366+$AF16/$BD$367+$AG16/$BD$369+$AH16/$BD$355+$AI16/$BD$356+$AJ16/$BD$357+$AK16/$BD$368+$AL16/$BD$358) -> 0 | AT16: =100*(V16/BD$353)/($O16/$BD$343+$P16/$BD$344+$Q16/$BD$346+$R16/$BD$348+$S16/$BD$350+$T16/$BD$351+$U16/$BD$352+$V16/$BD$353+$W16/$BD$354+$X16/$BD$359+$Y16/$BD$360+$Z16/$BD$361+$AA16/$BD$362+$AB16/$BD$363+$AC16/$BD$364+$AD16/$BD$365+$AE16/$BD$366+$AF16/$BD$367+$AG16/$BD$369+$AH16/$BD$355+$AI16/$BD$356+$AJ16/$BD$357+$AK16/$BD$368+$AL16/$BD$358) -> 0 | AU16: =100*(W16/BD$354)/($O16/$BD$343+$P16/$BD$344+$Q16/$BD$346+$R16/$BD$348+$S16/$BD$350+$T16/$BD$351+$U16/$BD$352+$V16/$BD$353+$W16/$BD$354+$X16/$BD$359+$Y16/$BD$360+$Z16/$BD$361+$AA16/$BD$362+$AB16/$BD$363+$AC16/$BD$364+$AD16/$BD$365+$AE16/$BD$366+$AF16/$BD$367+$AG16/$BD$369+$AH16/$BD$355+$AI16/$BD$356+$AJ16/$BD$357+$AK16/$BD$368+$AL16/$BD$358) -> 0 | AV16: =100*(X16/BD$359)/($O16/$BD$343+$P16/$BD$344+$Q16/$BD$346+$R16/$BD$348+$S16/$BD$350+$T16/$BD$351+$U16/$BD$352+$V16/$BD$353+$W16/$BD$354+$X16/$BD$359+$Y16/$BD$360+$Z16/$BD$361+$AA16/$BD$362+$AB16/$BD$363+$AC16/$BD$364+$AD16/$BD$365+$AE16/$BD$366+$AF16/$BD$367+$AG16/$BD$369+$AH16/$BD$355+$AI16/$BD$356+$AJ16/$BD$357+$AK16/$BD$368+$AL16/$BD$358) -> 0 | AW16: =100*(Y16/BD$360)/($O16/$BD$343+$P16/$BD$344+$Q16/$BD$346+$R16/$BD$348+$S16/$BD$350+$T16/$BD$351+$U16/$BD$352+$V16/$BD$353+$W16/$BD$354+$X16/$BD$359+$Y16/$BD$360+$Z16/$BD$361+$AA16/$BD$362+$AB16/$BD$363+$AC16/$BD$364+$AD16/$BD$365+$AE16/$BD$366+$AF16/$BD$367+$AG16/$BD$369+$AH16/$BD$355+$AI16/$BD$356+$AJ16/$BD$357+$AK16/$BD$368+$AL16/$BD$358) -> 0 | AX16: =100*(Z16/BD$361)/($O16/$BD$343+$P16/$BD$344+$Q16/$BD$346+$R16/$BD$348+$S16/$BD$350+$T16/$BD$351+$U16/$BD$352+$V16/$BD$353+$W16/$BD$354+$X16/$BD$359+$Y16/$BD$360+$Z16/$BD$361+$AA16/$BD$362+$AB16/$BD$363+$AC16/$BD$364+$AD16/$BD$365+$AE16/$BD$366+$AF16/$BD$367+$AG16/$BD$369+$AH16/$BD$355+$AI16/$BD$356+$AJ16/$BD$357+$AK16/$BD$368+$AL16/$BD$358) -> 0 | AY16: =100*(AA16/BD$362)/($O16/$BD$343+$P16/$BD$344+$Q16/$BD$346+$R16/$BD$348+$S16/$BD$350+$T16/$BD$351+$U16/$BD$352+$V16/$BD$353+$W16/$BD$354+$X16/$BD$359+$Y16/$BD$360+$Z16/$BD$361+$AA16/$BD$362+$AB16/$BD$363+$AC16/$BD$364+$AD16/$BD$365+$AE16/$BD$366+$AF16/$BD$367+$AG16/$BD$369+$AH16/$BD$355+$AI16/$BD$356+$AJ16/$BD$357+$AK16/$BD$368+$AL16/$BD$358) -> 0 | AZ16: =100*(AB16/BD$363)/($O16/$BD$343+$P16/$BD$344+$Q16/$BD$346+$R16/$BD$348+$S16/$BD$350+$T16/$BD$351+$U16/$BD$352+$V16/$BD$353+$W16/$BD$354+$X16/$BD$359+$Y16/$BD$360+$Z16/$BD$361+$AA16/$BD$362+$AB16/$BD$363+$AC16/$BD$364+$AD16/$BD$365+$AE16/$BD$366+$AF16/$BD$367+$AG16/$BD$369+$AH16/$BD$355+$AI16/$BD$356+$AJ16/$BD$357+$AK16/$BD$368+$AL16/$BD$358) -> 0 | BA16: =100*(AC16/BD$364)/($O16/$BD$343+$P16/$BD$344+$Q16/$BD$346+$R16/$BD$348+$S16/$BD$350+$T16/$BD$351+$U16/$BD$352+$V16/$BD$353+$W16/$BD$354+$X16/$BD$359+$Y16/$BD$360+$Z16/$BD$361+$AA16/$BD$362+$AB16/$BD$363+$AC16/$BD$364+$AD16/$BD$365+$AE16/$BD$366+$AF16/$BD$367+$AG16/$BD$369+$AH16/$BD$355+$AI16/$BD$356+$AJ16/$BD$357+$AK16/$BD$368+$AL16/$BD$358) -> 0 | BB16: =100*(AD16/BD$365)/($O16/$BD$343+$P16/$BD$344+$Q16/$BD$346+$R16/$BD$348+$S16/$BD$350+$T16/$BD$351+$U16/$BD$352+$V16/$BD$353+$W16/$BD$354+$X16/$BD$359+$Y16/$BD$360+$Z16/$BD$361+$AA16/$BD$362+$AB16/$BD$363+$AC16/$BD$364+$AD16/$BD$365+$AE16/$BD$366+$AF16/$BD$367+$AG16/$BD$369+$AH16/$BD$355+$AI16/$BD$356+$AJ16/$BD$357+$AK16/$BD$368+$AL16/$BD$358) -> 0 | BC16: =100*(AE16/BD$366)/($O16/$BD$343+$P16/$BD$344+$Q16/$BD$346+$R16/$BD$348+$S16/$BD$350+$T16/$BD$351+$U16/$BD$352+$V16/$BD$353+$W16/$BD$354+$X16/$BD$359+$Y16/$BD$360+$Z16/$BD$361+$AA16/$BD$362+$AB16/$BD$363+$AC16/$BD$364+$AD16/$BD$365+$AE16/$BD$366+$AF16/$BD$367+$AG16/$BD$369+$AH16/$BD$355+$AI16/$BD$356+$AJ16/$BD$357+$AK16/$BD$368+$AL16/$BD$358) -> 0 | BD16: =100*(AF16/BD$367)/($O16/$BD$343+$P16/$BD$344+$Q16/$BD$346+$R16/$BD$348+$S16/$BD$350+$T16/$BD$351+$U16/$BD$352+$V16/$BD$353+$W16/$BD$354+$X16/$BD$359+$Y16/$BD$360+$Z16/$BD$361+$AA16/$BD$362+$AB16/$BD$363+$AC16/$BD$364+$AD16/$BD$365+$AE16/$BD$366+$AF16/$BD$367+$AG16/$BD$369+$AH16/$BD$355+$AI16/$BD$356+$AJ16/$BD$357+$AK16/$BD$368+$AL16/$BD$358) -> 0 | BE16: =100*(AG16/BD$369)/($O16/$BD$343+$P16/$BD$344+$Q16/$BD$346+$R16/$BD$348+$S16/$BD$350+$T16/$BD$351+$U16/$BD$352+$V16/$BD$353+$W16/$BD$354+$X16/$BD$359+$Y16/$BD$360+$Z16/$BD$361+$AA16/$BD$362+$AB16/$BD$363+$AC16/$BD$364+$AD16/$BD$365+$AE16/$BD$366+$AF16/$BD$367+$AG16/$BD$369+$AH16/$BD$355+$AI16/$BD$356+$AJ16/$BD$357+$AK16/$BD$368+$AL16/$BD$358) -> 0 | BF16: =100*(AH16/BD$355)/($O16/$BD$343+$P16/$BD$344+$Q16/$BD$346+$R16/$BD$348+$S16/$BD$350+$T16/$BD$351+$U16/$BD$352+$V16/$BD$353+$W16/$BD$354+$X16/$BD$359+$Y16/$BD$360+$Z16/$BD$361+$AA16/$BD$362+$AB16/$BD$363+$AC16/$BD$364+$AD16/$BD$365+$AE16/$BD$366+$AF16/$BD$367+$AG16/$BD$369+$AH16/$BD$355+$AI16/$BD$356+$AJ16/$BD$357+$AK16/$BD$368+$AL16/$BD$358) -> 0 | BG16: =100*(AI16/BD$356)/($O16/$BD$343+$P16/$BD$344+$Q16/$BD$346+$R16/$BD$348+$S16/$BD$350+$T16/$BD$351+$U16/$BD$352+$V16/$BD$353+$W16/$BD$354+$X16/$BD$359+$Y16/$BD$360+$Z16/$BD$361+$AA16/$BD$362+$AB16/$BD$363+$AC16/$BD$364+$AD16/$BD$365+$AE16/$BD$366+$AF16/$BD$367+$AG16/$BD$369+$AH16/$BD$355+$AI16/$BD$356+$AJ16/$BD$357+$AK16/$BD$368+$AL16/$BD$358) -> 0 | BH16: =100*(AJ16/BD$357)/($O16/$BD$343+$P16/$BD$344+$Q16/$BD$346+$R16/$BD$348+$S16/$BD$350+$T16/$BD$351+$U16/$BD$352+$V16/$BD$353+$W16/$BD$354+$X16/$BD$359+$Y16/$BD$360+$Z16/$BD$361+$AA16/$BD$362+$AB16/$BD$363+$AC16/$BD$364+$AD16/$BD$365+$AE16/$BD$366+$AF16/$BD$367+$AG16/$BD$369+$AH16/$BD$355+$AI16/$BD$356+$AJ16/$BD$357+$AK16/$BD$368+$AL16/$BD$358) -> 0 | BI16: =100*(AK16/BD$368)/($O16/$BD$343+$P16/$BD$344+$Q16/$BD$346+$R16/$BD$348+$S16/$BD$350+$T16/$BD$351+$U16/$BD$352+$V16/$BD$353+$W16/$BD$354+$X16/$BD$359+$Y16/$BD$360+$Z16/$BD$361+$AA16/$BD$362+$AB16/$BD$363+$AC16/$BD$364+$AD16/$BD$365+$AE16/$BD$366+$AF16/$BD$367+$AG16/$BD$369+$AH16/$BD$355+$AI16/$BD$356+$AJ16/$BD$357+$AK16/$BD$368+$AL16/$BD$358) -> 0 | BJ16: =100*(AL16/BD$358)/($O16/$BD$343+$P16/$BD$344+$Q16/$BD$346+$R16/$BD$348+$S16/$BD$350+$T16/$BD$351+$U16/$BD$352+$V16/$BD$353+$W16/$BD$354+$X16/$BD$359+$Y16/$BD$360+$Z16/$BD$361+$AA16/$BD$362+$AB16/$BD$363+$AC16/$BD$364+$AD16/$BD$365+$AE16/$BD$366+$AF16/$BD$367+$AG16/$BD$369+$AH16/$BD$355+$AI16/$BD$356+$AJ16/$BD$357+$AK16/$BD$368+$AL16/$BD$358) -> 0 | BK16: =(($AM16*($BK$396+$BJ$396*($BM$389+$I16))+$AN16*($BK$397+$BJ$397*($BM$389+$I16))+$AO16*($BK$398+$BJ$398*($BM$389+$I16))+$AP16*($BK$399+$BJ$399*($BM$389+$I16))+$AR16*($BK$401+$BJ$401*($BM$389+$I16))+$AS16*($BK$402+$BJ$402*($BM$389+$I16))+$AT16*($BK$403+$BJ$403*($BM$389+$I16))+$AU16*($BK$404+$BJ$404*($BM$389+$I16))+$AV16*($BK$405+$BJ$405*($BM$389+$I16))+$AW16*($BK$406+$BJ$406*($BM$389+$I16))+$AX16*($BK$407+$BJ$407*($BM$389+$I16))+$AY16*($BK$408+$BJ$408*($BM$389+$I16))+$AZ16*($BK$409+$BJ$409*($BM$389+$I16))+$BB16*($BK$411+$BJ$411*($BM$389+$I16))+$BC16*($BK$412+$BJ$412*($BM$389+$I16))+$BD16*($BK$413+$BJ$413*($BM$389+$I16))+$BF16*($BK$415+$BJ$415*($BM$389+$I16))+$BI16*($BK$416+$BJ$416*($BM$389+$I16)))/(SUM($AM16:$BJ16)-$AQ16-$BA16-$BE16-$BG16-$BH16-$BJ16)) -> -154.88568 | BL16: =IF($K16=$L16,$BK16,IF(OR($K16="graphite",$K16="vitreous carbon"),$BK$406+($BM$389+$I16)*$BJ$406,IF($K16="Pyrolytic Boron Nitride","PBN",IF(COUNTIF($BH$396:$BH$416,$K16)>0,VLOOKUP($K16,$BH$396:$BK$416,4,FALSE)+($BM$389+$I16)*VLOOKUP($K16,$BH$396:$BK$416,3,FALSE),IF(COUNTIF($L$2:$L15,$K16)>0,VLOOKUP($K16,$L$2:$BK15,52,FALSE),"idk"))))) -> -117.90049 | BM16: 20 | BN16: 10 | BO16: 1.5 | BP16: FLiNaK | BR16: yes | BT16: 0 | BU16: 16 | BZ16: 6 | CA16: 7 | CE16: 1 | CH16: 314 | CM16: 590 | DJ16: 0 | DK16: 0 | DO16: -2.64 | DQ16: 7139286 | DS16: 1 | DT16: https://enispa.sharepoint.com/sites/Venicelaboratories-FLiNaKandFLiBecorrosion/Documenti%20condivisi/FLiNaK%20and%20FLiBe%20corrosion/3.%20Letteratura/Attività%202023/2023_Pint_FY23%20Milestone%20M3RD-23OR0603031%20Measuring%20the%20Dissolution%20of%20Cr%20and%20Fe%20at%20550°C-75.pdf | DW16: =SUM(_2025_01_07T12_47_export3[[#This Row],[Ni_wt]:[H_wt]]) -> 100 | DY16: =SUM($AM16:BJ16) -> 100
A17: B1Cr2023Pint | B17: 25 | C17: ORNL | D17: 2023 | E17: Pint | F17: B1 | G17: static | H17: 0 | I17: 550 | J17: 1000 | K17: Mo | L17: Cr | N17: 8960000 | P17: 100 | AM17: =100*(O17/BD$343)/($O17/$BD$343+$P17/$BD$344+$Q17/$BD$346+$R17/$BD$348+$S17/$BD$350+$T17/$BD$351+$U17/$BD$352+$V17/$BD$353+$W17/$BD$354+$X17/$BD$359+$Y17/$BD$360+$Z17/$BD$361+$AA17/$BD$362+$AB17/$BD$363+$AC17/$BD$364+$AD17/$BD$365+$AE17/$BD$366+$AF17/$BD$367+$AG17/$BD$369+$AH17/$BD$355+$AI17/$BD$356+$AJ17/$BD$357+$AK17/$BD$368+$AL17/$BD$358) -> 0 | AN17: =100*(P17/BD$344)/($O17/$BD$343+$P17/$BD$344+$Q17/$BD$346+$R17/$BD$348+$S17/$BD$350+$T17/$BD$351+$U17/$BD$352+$V17/$BD$353+$W17/$BD$354+$X17/$BD$359+$Y17/$BD$360+$Z17/$BD$361+$AA17/$BD$362+$AB17/$BD$363+$AC17/$BD$364+$AD17/$BD$365+$AE17/$BD$366+$AF17/$BD$367+$AG17/$BD$369+$AH17/$BD$355+$AI17/$BD$356+$AJ17/$BD$357+$AK17/$BD$368+$AL17/$BD$358) -> 100 | AO17: =100*(Q17/BD$346)/($O17/$BD$343+$P17/$BD$344+$Q17/$BD$346+$R17/$BD$348+$S17/$BD$350+$T17/$BD$351+$U17/$BD$352+$V17/$BD$353+$W17/$BD$354+$X17/$BD$359+$Y17/$BD$360+$Z17/$BD$361+$AA17/$BD$362+$AB17/$BD$363+$AC17/$BD$364+$AD17/$BD$365+$AE17/$BD$366+$AF17/$BD$367+$AG17/$BD$369+$AH17/$BD$355+$AI17/$BD$356+$AJ17/$BD$357+$AK17/$BD$368+$AL17/$BD$358) -> 0 | AP17: =100*(R17/BD$348)/($O17/$BD$343+$P17/$BD$344+$Q17/$BD$346+$R17/$BD$348+$S17/$BD$350+$T17/$BD$351+$U17/$BD$352+$V17/$BD$353+$W17/$BD$354+$X17/$BD$359+$Y17/$BD$360+$Z17/$BD$361+$AA17/$BD$362+$AB17/$BD$363+$AC17/$BD$364+$AD17/$BD$365+$AE17/$BD$366+$AF17/$BD$367+$AG17/$BD$369+$AH17/$BD$355+$AI17/$BD$356+$AJ17/$BD$357+$AK17/$BD$368+$AL17/$BD$358) -> 0 | AQ17: =100*(S17/BD$350)/($O17/$BD$343+$P17/$BD$344+$Q17/$BD$346+$R17/$BD$348+$S17/$BD$350+$T17/$BD$351+$U17/$BD$352+$V17/$BD$353+$W17/$BD$354+$X17/$BD$359+$Y17/$BD$360+$Z17/$BD$361+$AA17/$BD$362+$AB17/$BD$363+$AC17/$BD$364+$AD17/$BD$365+$AE17/$BD$366+$AF17/$BD$367+$AG17/$BD$369+$AH17/$BD$355+$AI17/$BD$356+$AJ17/$BD$357+$AK17/$BD$368+$AL17/$BD$358) -> 0 | AR17: =100*(T17/BD$351)/($O17/$BD$343+$P17/$BD$344+$Q17/$BD$346+$R17/$BD$348+$S17/$BD$350+$T17/$BD$351+$U17/$BD$352+$V17/$BD$353+$W17/$BD$354+$X17/$BD$359+$Y17/$BD$360+$Z17/$BD$361+$AA17/$BD$362+$AB17/$BD$363+$AC17/$BD$364+$AD17/$BD$365+$AE17/$BD$366+$AF17/$BD$367+$AG17/$BD$369+$AH17/$BD$355+$AI17/$BD$356+$AJ17/$BD$357+$AK17/$BD$368+$AL17/$BD$358) -> 0 | AS17: =100*(U17/BD$352)/($O17/$BD$343+$P17/$BD$344+$Q17/$BD$346+$R17/$BD$348+$S17/$BD$350+$T17/$BD$351+$U17/$BD$352+$V17/$BD$353+$W17/$BD$354+$X17/$BD$359+$Y17/$BD$360+$Z17/$BD$361+$AA17/$BD$362+$AB17/$BD$363+$AC17/$BD$364+$AD17/$BD$365+$AE17/$BD$366+$AF17/$BD$367+$AG17/$BD$369+$AH17/$BD$355+$AI17/$BD$356+$AJ17/$BD$357+$AK17/$BD$368+$AL17/$BD$358) -> 0 | AT17: =100*(V17/BD$353)/($O17/$BD$343+$P17/$BD$344+$Q17/$BD$346+$R17/$BD$348+$S17/$BD$350+$T17/$BD$351+$U17/$BD$352+$V17/$BD$353+$W17/$BD$354+$X17/$BD$359+$Y17/$BD$360+$Z17/$BD$361+$AA17/$BD$362+$AB17/$BD$363+$AC17/$BD$364+$AD17/$BD$365+$AE17/$BD$366+$AF17/$BD$367+$AG17/$BD$369+$AH17/$BD$355+$AI17/$BD$356+$AJ17/$BD$357+$AK17/$BD$368+$AL17/$BD$358) -> 0 | AU17: =100*(W17/BD$354)/($O17/$BD$343+$P17/$BD$344+$Q17/$BD$346+$R17/$BD$348+$S17/$BD$350+$T17/$BD$351+$U17/$BD$352+$V17/$BD$353+$W17/$BD$354+$X17/$BD$359+$Y17/$BD$360+$Z17/$BD$361+$AA17/$BD$362+$AB17/$BD$363+$AC17/$BD$364+$AD17/$BD$365+$AE17/$BD$366+$AF17/$BD$367+$AG17/$BD$369+$AH17/$BD$355+$AI17/$BD$356+$AJ17/$BD$357+$AK17/$BD$368+$AL17/$BD$358) -> 0 | AV17: =100*(X17/BD$359)/($O17/$BD$343+$P17/$BD$344+$Q17/$BD$346+$R17/$BD$348+$S17/$BD$350+$T17/$BD$351+$U17/$BD$352+$V17/$BD$353+$W17/$BD$354+$X17/$BD$359+$Y17/$BD$360+$Z17/$BD$361+$AA17/$BD$362+$AB17/$BD$363+$AC17/$BD$364+$AD17/$BD$365+$AE17/$BD$366+$AF17/$BD$367+$AG17/$BD$369+$AH17/$BD$355+$AI17/$BD$356+$AJ17/$BD$357+$AK17/$BD$368+$AL17/$BD$358) -> 0 | AW17: =100*(Y17/BD$360)/($O17/$BD$343+$P17/$BD$344+$Q17/$BD$346+$R17/$BD$348+$S17/$BD$350+$T17/$BD$351+$U17/$BD$352+$V17/$BD$353+$W17/$BD$354+$X17/$BD$359+$Y17/$BD$360+$Z17/$BD$361+$AA17/$BD$362+$AB17/$BD$363+$AC17/$BD$364+$AD17/$BD$365+$AE17/$BD$366+$AF17/$BD$367+$AG17/$BD$369+$AH17/$BD$355+$AI17/$BD$356+$AJ17/$BD$357+$AK17/$BD$368+$AL17/$BD$358) -> 0 | AX17: =100*(Z17/BD$361)/($O17/$BD$343+$P17/$BD$344+$Q17/$BD$346+$R17/$BD$348+$S17/$BD$350+$T17/$BD$351+$U17/$BD$352+$V17/$BD$353+$W17/$BD$354+$X17/$BD$359+$Y17/$BD$360+$Z17/$BD$361+$AA17/$BD$362+$AB17/$BD$363+$AC17/$BD$364+$AD17/$BD$365+$AE17/$BD$366+$AF17/$BD$367+$AG17/$BD$369+$AH17/$BD$355+$AI17/$BD$356+$AJ17/$BD$357+$AK17/$BD$368+$AL17/$BD$358) -> 0 | AY17: =100*(AA17/BD$362)/($O17/$BD$343+$P17/$BD$344+$Q17/$BD$346+$R17/$BD$348+$S17/$BD$350+$T17/$BD$351+$U17/$BD$352+$V17/$BD$353+$W17/$BD$354+$X17/$BD$359+$Y17/$BD$360+$Z17/$BD$361+$AA17/$BD$362+$AB17/$BD$363+$AC17/$BD$364+$AD17/$BD$365+$AE17/$BD$366+$AF17/$BD$367+$AG17/$BD$369+$AH17/$BD$355+$AI17/$BD$356+$AJ17/$BD$357+$AK17/$BD$368+$AL17/$BD$358) -> 0 | AZ17: =100*(AB17/BD$363)/($O17/$BD$343+$P17/$BD$344+$Q17/$BD$346+$R17/$BD$348+$S17/$BD$350+$T17/$BD$351+$U17/$BD$352+$V17/$BD$353+$W17/$BD$354+$X17/$BD$359+$Y17/$BD$360+$Z17/$BD$361+$AA17/$BD$362+$AB17/$BD$363+$AC17/$BD$364+$AD17/$BD$365+$AE17/$BD$366+$AF17/$BD$367+$AG17/$BD$369+$AH17/$BD$355+$AI17/$BD$356+$AJ17/$BD$357+$AK17/$BD$368+$AL17/$BD$358) -> 0 | BA17: =100*(AC17/BD$364)/($O17/$BD$343+$P17/$BD$344+$Q17/$BD$346+$R17/$BD$348+$S17/$BD$350+$T17/$BD$351+$U17/$BD$352+$V17/$BD$353+$W17/$BD$354+$X17/$BD$359+$Y17/$BD$360+$Z17/$BD$361+$AA17/$BD$362+$AB17/$BD$363+$AC17/$BD$364+$AD17/$BD$365+$AE17/$BD$366+$AF17/$BD$367+$AG17/$BD$369+$AH17/$BD$355+$AI17/$BD$356+$AJ17/$BD$357+$AK17/$BD$368+$AL17/$BD$358) -> 0 | BB17: =100*(AD17/BD$365)/($O17/$BD$343+$P17/$BD$344+$Q17/$BD$346+$R17/$BD$348+$S17/$BD$350+$T17/$BD$351+$U17/$BD$352+$V17/$BD$353+$W17/$BD$354+$X17/$BD$359+$Y17/$BD$360+$Z17/$BD$361+$AA17/$BD$362+$AB17/$BD$363+$AC17/$BD$364+$AD17/$BD$365+$AE17/$BD$366+$AF17/$BD$367+$AG17/$BD$369+$AH17/$BD$355+$AI17/$BD$356+$AJ17/$BD$357+$AK17/$BD$368+$AL17/$BD$358) -> 0 | BC17: =100*(AE17/BD$366)/($O17/$BD$343+$P17/$BD$344+$Q17/$BD$346+$R17/$BD$348+$S17/$BD$350+$T17/$BD$351+$U17/$BD$352+$V17/$BD$353+$W17/$BD$354+$X17/$BD$359+$Y17/$BD$360+$Z17/$BD$361+$AA17/$BD$362+$AB17/$BD$363+$AC17/$BD$364+$AD17/$BD$365+$AE17/$BD$366+$AF17/$BD$367+$AG17/$BD$369+$AH17/$BD$355+$AI17/$BD$356+$AJ17/$BD$357+$AK17/$BD$368+$AL17/$BD$358) -> 0 | BD17: =100*(AF17/BD$367)/($O17/$BD$343+$P17/$BD$344+$Q17/$BD$346+$R17/$BD$348+$S17/$BD$350+$T17/$BD$351+$U17/$BD$352+$V17/$BD$353+$W17/$BD$354+$X17/$BD$359+$Y17/$BD$360+$Z17/$BD$361+$AA17/$BD$362+$AB17/$BD$363+$AC17/$BD$364+$AD17/$BD$365+$AE17/$BD$366+$AF17/$BD$367+$AG17/$BD$369+$AH17/$BD$355+$AI17/$BD$356+$AJ17/$BD$357+$AK17/$BD$368+$AL17/$BD$358) -> 0 | BE17: =100*(AG17/BD$369)/($O17/$BD$343+$P17/$BD$344+$Q17/$BD$346+$R17/$BD$348+$S17/$BD$350+$T17/$BD$351+$U17/$BD$352+$V17/$BD$353+$W17/$BD$354+$X17/$BD$359+$Y17/$BD$360+$Z17/$BD$361+$AA17/$BD$362+$AB17/$BD$363+$AC17/$BD$364+$AD17/$BD$365+$AE17/$BD$366+$AF17/$BD$367+$AG17/$BD$369+$AH17/$BD$355+$AI17/$BD$356+$AJ17/$BD$357+$AK17/$BD$368+$AL17/$BD$358) -> 0 | BF17: =100*(AH17/BD$355)/($O17/$BD$343+$P17/$BD$344+$Q17/$BD$346+$R17/$BD$348+$S17/$BD$350+$T17/$BD$351+$U17/$BD$352+$V17/$BD$353+$W17/$BD$354+$X17/$BD$359+$Y17/$BD$360+$Z17/$BD$361+$AA17/$BD$362+$AB17/$BD$363+$AC17/$BD$364+$AD17/$BD$365+$AE17/$BD$366+$AF17/$BD$367+$AG17/$BD$369+$AH17/$BD$355+$AI17/$BD$356+$AJ17/$BD$357+$AK17/$BD$368+$AL17/$BD$358) -> 0 | BG17: =100*(AI17/BD$356)/($O17/$BD$343+$P17/$BD$344+$Q17/$BD$346+$R17/$BD$348+$S17/$BD$350+$T17/$BD$351+$U17/$BD$352+$V17/$BD$353+$W17/$BD$354+$X17/$BD$359+$Y17/$BD$360+$Z17/$BD$361+$AA17/$BD$362+$AB17/$BD$363+$AC17/$BD$364+$AD17/$BD$365+$AE17/$BD$366+$AF17/$BD$367+$AG17/$BD$369+$AH17/$BD$355+$AI17/$BD$356+$AJ17/$BD$357+$AK17/$BD$368+$AL17/$BD$358) -> 0 | BH17: =100*(AJ17/BD$357)/($O17/$BD$343+$P17/$BD$344+$Q17/$BD$346+$R17/$BD$348+$S17/$BD$350+$T17/$BD$351+$U17/$BD$352+$V17/$BD$353+$W17/$BD$354+$X17/$BD$359+$Y17/$BD$360+$Z17/$BD$361+$AA17/$BD$362+$AB17/$BD$363+$AC17/$BD$364+$AD17/$BD$365+$AE17/$BD$366+$AF17/$BD$367+$AG17/$BD$369+$AH17/$BD$355+$AI17/$BD$356+$AJ17/$BD$357+$AK17/$BD$368+$AL17/$BD$358) -> 0 | BI17: =100*(AK17/BD$368)/($O17/$BD$343+$P17/$BD$344+$Q17/$BD$346+$R17/$BD$348+$S17/$BD$350+$T17/$BD$351+$U17/$BD$352+$V17/$BD$353+$W17/$BD$354+$X17/$BD$359+$Y17/$BD$360+$Z17/$BD$361+$AA17/$BD$362+$AB17/$BD$363+$AC17/$BD$364+$AD17/$BD$365+$AE17/$BD$366+$AF17/$BD$367+$AG17/$BD$369+$AH17/$BD$355+$AI17/$BD$356+$AJ17/$BD$357+$AK17/$BD$368+$AL17/$BD$358) -> 0 | BJ17: =100*(AL17/BD$358)/($O17/$BD$343+$P17/$BD$344+$Q17/$BD$346+$R17/$BD$348+$S17/$BD$350+$T17/$BD$351+$U17/$BD$352+$V17/$BD$353+$W17/$BD$354+$X17/$BD$359+$Y17/$BD$360+$Z17/$BD$361+$AA17/$BD$362+$AB17/$BD$363+$AC17/$BD$364+$AD17/$BD$365+$AE17/$BD$366+$AF17/$BD$367+$AG17/$BD$369+$AH17/$BD$355+$AI17/$BD$356+$AJ17/$BD$357+$AK17/$BD$368+$AL17/$BD$358) -> 0 | BK17: =(($AM17*($BK$396+$BJ$396*($BM$389+$I17))+$AN17*($BK$397+$BJ$397*($BM$389+$I17))+$AO17*($BK$398+$BJ$398*($BM$389+$I17))+$AP17*($BK$399+$BJ$399*($BM$389+$I17))+$AR17*($BK$401+$BJ$401*($BM$389+$I17))+$AS17*($BK$402+$BJ$402*($BM$389+$I17))+$AT17*($BK$403+$BJ$403*($BM$389+$I17))+$AU17*($BK$404+$BJ$404*($BM$389+$I17))+$AV17*($BK$405+$BJ$405*($BM$389+$I17))+$AW17*($BK$406+$BJ$406*($BM$389+$I17))+$AX17*($BK$407+$BJ$407*($BM$389+$I17))+$AY17*($BK$408+$BJ$408*($BM$389+$I17))+$AZ17*($BK$409+$BJ$409*($BM$389+$I17))+$BB17*($BK$411+$BJ$411*($BM$389+$I17))+$BC17*($BK$412+$BJ$412*($BM$389+$I17))+$BD17*($BK$413+$BJ$413*($BM$389+$I17))+$BF17*($BK$415+$BJ$415*($BM$389+$I17))+$BI17*($BK$416+$BJ$416*($BM$389+$I17)))/(SUM($AM17:$BJ17)-$AQ17-$BA17-$BE17-$BG17-$BH17-$BJ17)) -> -154.88568 | BL17: =IF($K17=$L17,$BK17,IF(OR($K17="graphite",$K17="vitreous carbon"),$BK$406+($BM$389+$I17)*$BJ$406,IF($K17="Pyrolytic Boron Nitride","PBN",IF(COUNTIF($BH$396:$BH$416,$K17)>0,VLOOKUP($K17,$BH$396:$BK$416,4,FALSE)+($BM$389+$I17)*VLOOKUP($K17,$BH$396:$BK$416,3,FALSE),IF(COUNTIF($L$2:$L16,$K17)>0,VLOOKUP($K17,$L$2:$BK16,52,FALSE),"idk"))))) -> -117.90049 | BM17: 20 | BN17: 10 | BO17: 1.5 | BP17: FLiNaK | BR17: yes | BT17: 0 | BU17: 16 | BZ17: 6 | CA17: 7 | CE17: 1 | CH17: 314 | CM17: 590 | DJ17: 0 | DK17: 0 | DO17: -3.31 | DQ17: 7139286 | DS17: 1 | DT17: https://enispa.sharepoint.com/sites/Venicelaboratories-FLiNaKandFLiBecorrosion/Documenti%20condivisi/FLiNaK%20and%20FLiBe%20corrosion/3.%20Letteratura/Attività%202023/2023_Pint_FY23%20Milestone%20M3RD-23OR0603032%20The%20Dissolution%20of%20Cr%20and%20Fe%20at%20850°C%20in%20FLiNaK%20an.pdf | DW17: =SUM(_2025_01_07T12_47_export3[[#This Row],[Ni_wt]:[H_wt]]) -> 100 | DY17: =SUM($AM17:BJ17) -> 100
A18: B1Cr2023Pint | B18: 26 | C18: ORNL | D18: 2023 | E18: Pint | F18: B1 | G18: static | H18: 0 | I18: 550 | J18: 2000 | K18: Mo | L18: Cr | N18: 8960000 | P18: 100 | AM18: =100*(O18/BD$343)/($O18/$BD$343+$P18/$BD$344+$Q18/$BD$346+$R18/$BD$348+$S18/$BD$350+$T18/$BD$351+$U18/$BD$352+$V18/$BD$353+$W18/$BD$354+$X18/$BD$359+$Y18/$BD$360+$Z18/$BD$361+$AA18/$BD$362+$AB18/$BD$363+$AC18/$BD$364+$AD18/$BD$365+$AE18/$BD$366+$AF18/$BD$367+$AG18/$BD$369+$AH18/$BD$355+$AI18/$BD$356+$AJ18/$BD$357+$AK18/$BD$368+$AL18/$BD$358) -> 0 | AN18: =100*(P18/BD$344)/($O18/$BD$343+$P18/$BD$344+$Q18/$BD$346+$R18/$BD$348+$S18/$BD$350+$T18/$BD$351+$U18/$BD$352+$V18/$BD$353+$W18/$BD$354+$X18/$BD$359+$Y18/$BD$360+$Z18/$BD$361+$AA18/$BD$362+$AB18/$BD$363+$AC18/$BD$364+$AD18/$BD$365+$AE18/$BD$366+$AF18/$BD$367+$AG18/$BD$369+$AH18/$BD$355+$AI18/$BD$356+$AJ18/$BD$357+$AK18/$BD$368+$AL18/$BD$358) -> 100 | AO18: =100*(Q18/BD$346)/($O18/$BD$343+$P18/$BD$344+$Q18/$BD$346+$R18/$BD$348+$S18/$BD$350+$T18/$BD$351+$U18/$BD$352+$V18/$BD$353+$W18/$BD$354+$X18/$BD$359+$Y18/$BD$360+$Z18/$BD$361+$AA18/$BD$362+$AB18/$BD$363+$AC18/$BD$364+$AD18/$BD$365+$AE18/$BD$366+$AF18/$BD$367+$AG18/$BD$369+$AH18/$BD$355+$AI18/$BD$356+$AJ18/$BD$357+$AK18/$BD$368+$AL18/$BD$358) -> 0 | AP18: =100*(R18/BD$348)/($O18/$BD$343+$P18/$BD$344+$Q18/$BD$346+$R18/$BD$348+$S18/$BD$350+$T18/$BD$351+$U18/$BD$352+$V18/$BD$353+$W18/$BD$354+$X18/$BD$359+$Y18/$BD$360+$Z18/$BD$361+$AA18/$BD$362+$AB18/$BD$363+$AC18/$BD$364+$AD18/$BD$365+$AE18/$BD$366+$AF18/$BD$367+$AG18/$BD$369+$AH18/$BD$355+$AI18/$BD$356+$AJ18/$BD$357+$AK18/$BD$368+$AL18/$BD$358) -> 0 | AQ18: =100*(S18/BD$350)/($O18/$BD$343+$P18/$BD$344+$Q18/$BD$346+$R18/$BD$348+$S18/$BD$350+$T18/$BD$351+$U18/$BD$352+$V18/$BD$353+$W18/$BD$354+$X18/$BD$359+$Y18/$BD$360+$Z18/$BD$361+$AA18/$BD$362+$AB18/$BD$363+$AC18/$BD$364+$AD18/$BD$365+$AE18/$BD$366+$AF18/$BD$367+$AG18/$BD$369+$AH18/$BD$355+$AI18/$BD$356+$AJ18/$BD$357+$AK18/$BD$368+$AL18/$BD$358) -> 0 | AR18: =100*(T18/BD$351)/($O18/$BD$343+$P18/$BD$344+$Q18/$BD$346+$R18/$BD$348+$S18/$BD$350+$T18/$BD$351+$U18/$BD$352+$V18/$BD$353+$W18/$BD$354+$X18/$BD$359+$Y18/$BD$360+$Z18/$BD$361+$AA18/$BD$362+$AB18/$BD$363+$AC18/$BD$364+$AD18/$BD$365+$AE18/$BD$366+$AF18/$BD$367+$AG18/$BD$369+$AH18/$BD$355+$AI18/$BD$356+$AJ18/$BD$357+$AK18/$BD$368+$AL18/$BD$358) -> 0 | AS18: =100*(U18/BD$352)/($O18/$BD$343+$P18/$BD$344+$Q18/$BD$346+$R18/$BD$348+$S18/$BD$350+$T18/$BD$351+$U18/$BD$352+$V18/$BD$353+$W18/$BD$354+$X18/$BD$359+$Y18/$BD$360+$Z18/$BD$361+$AA18/$BD$362+$AB18/$BD$363+$AC18/$BD$364+$AD18/$BD$365+$AE18/$BD$366+$AF18/$BD$367+$AG18/$BD$369+$AH18/$BD$355+$AI18/$BD$356+$AJ18/$BD$357+$AK18/$BD$368+$AL18/$BD$358) -> 0 | AT18: =100*(V18/BD$353)/($O18/$BD$343+$P18/$BD$344+$Q18/$BD$346+$R18/$BD$348+$S18/$BD$350+$T18/$BD$351+$U18/$BD$352+$V18/$BD$353+$W18/$BD$354+$X18/$BD$359+$Y18/$BD$360+$Z18/$BD$361+$AA18/$BD$362+$AB18/$BD$363+$AC18/$BD$364+$AD18/$BD$365+$AE18/$BD$366+$AF18/$BD$367+$AG18/$BD$369+$AH18/$BD$355+$AI18/$BD$356+$AJ18/$BD$357+$AK18/$BD$368+$AL18/$BD$358) -> 0 | AU18: =100*(W18/BD$354)/($O18/$BD$343+$P18/$BD$344+$Q18/$BD$346+$R18/$BD$348+$S18/$BD$350+$T18/$BD$351+$U18/$BD$352+$V18/$BD$353+$W18/$BD$354+$X18/$BD$359+$Y18/$BD$360+$Z18/$BD$361+$AA18/$BD$362+$AB18/$BD$363+$AC18/$BD$364+$AD18/$BD$365+$AE18/$BD$366+$AF18/$BD$367+$AG18/$BD$369+$AH18/$BD$355+$AI18/$BD$356+$AJ18/$BD$357+$AK18/$BD$368+$AL18/$BD$358) -> 0 | AV18: =100*(X18/BD$359)/($O18/$BD$343+$P18/$BD$344+$Q18/$BD$346+$R18/$BD$348+$S18/$BD$350+$T18/$BD$351+$U18/$BD$352+$V18/$BD$353+$W18/$BD$354+$X18/$BD$359+$Y18/$BD$360+$Z18/$BD$361+$AA18/$BD$362+$AB18/$BD$363+$AC18/$BD$364+$AD18/$BD$365+$AE18/$BD$366+$AF18/$BD$367+$AG18/$BD$369+$AH18/$BD$355+$AI18/$BD$356+$AJ18/$BD$357+$AK18/$BD$368+$AL18/$BD$358) -> 0 | AW18: =100*(Y18/BD$360)/($O18/$BD$343+$P18/$BD$344+$Q18/$BD$346+$R18/$BD$348+$S18/$BD$350+$T18/$BD$351+$U18/$BD$352+$V18/$BD$353+$W18/$BD$354+$X18/$BD$359+$Y18/$BD$360+$Z18/$BD$361+$AA18/$BD$362+$AB18/$BD$363+$AC18/$BD$364+$AD18/$BD$365+$AE18/$BD$366+$AF18/$BD$367+$AG18/$BD$369+$AH18/$BD$355+$AI18/$BD$356+$AJ18/$BD$357+$AK18/$BD$368+$AL18/$BD$358) -> 0 | AX18: =100*(Z18/BD$361)/($O18/$BD$343+$P18/$BD$344+$Q18/$BD$346+$R18/$BD$348+$S18/$BD$350+$T18/$BD$351+$U18/$BD$352+$V18/$BD$353+$W18/$BD$354+$X18/$BD$359+$Y18/$BD$360+$Z18/$BD$361+$AA18/$BD$362+$AB18/$BD$363+$AC18/$BD$364+$AD18/$BD$365+$AE18/$BD$366+$AF18/$BD$367+$AG18/$BD$369+$AH18/$BD$355+$AI18/$BD$356+$AJ18/$BD$357+$AK18/$BD$368+$AL18/$BD$358) -> 0 | AY18: =100*(AA18/BD$362)/($O18/$BD$343+$P18/$BD$344+$Q18/$BD$346+$R18/$BD$348+$S18/$BD$350+$T18/$BD$351+$U18/$BD$352+$V18/$BD$353+$W18/$BD$354+$X18/$BD$359+$Y18/$BD$360+$Z18/$BD$361+$AA18/$BD$362+$AB18/$BD$363+$AC18/$BD$364+$AD18/$BD$365+$AE18/$BD$366+$AF18/$BD$367+$AG18/$BD$369+$AH18/$BD$355+$AI18/$BD$356+$AJ18/$BD$357+$AK18/$BD$368+$AL18/$BD$358) -> 0 | AZ18: =100*(AB18/BD$363)/($O18/$BD$343+$P18/$BD$344+$Q18/$BD$346+$R18/$BD$348+$S18/$BD$350+$T18/$BD$351+$U18/$BD$352+$V18/$BD$353+$W18/$BD$354+$X18/$BD$359+$Y18/$BD$360+$Z18/$BD$361+$AA18/$BD$362+$AB18/$BD$363+$AC18/$BD$364+$AD18/$BD$365+$AE18/$BD$366+$AF18/$BD$367+$AG18/$BD$369+$AH18/$BD$355+$AI18/$BD$356+$AJ18/$BD$357+$AK18/$BD$368+$AL18/$BD$358) -> 0 | BA18: =100*(AC18/BD$364)/($O18/$BD$343+$P18/$BD$344+$Q18/$BD$346+$R18/$BD$348+$S18/$BD$350+$T18/$BD$351+$U18/$BD$352+$V18/$BD$353+$W18/$BD$354+$X18/$BD$359+$Y18/$BD$360+$Z18/$BD$361+$AA18/$BD$362+$AB18/$BD$363+$AC18/$BD$364+$AD18/$BD$365+$AE18/$BD$366+$AF18/$BD$367+$AG18/$BD$369+$AH18/$BD$355+$AI18/$BD$356+$AJ18/$BD$357+$AK18/$BD$368+$AL18/$BD$358) -> 0 | BB18: =100*(AD18/BD$365)/($O18/$BD$343+$P18/$BD$344+$Q18/$BD$346+$R18/$BD$348+$S18/$BD$350+$T18/$BD$351+$U18/$BD$352+$V18/$BD$353+$W18/$BD$354+$X18/$BD$359+$Y18/$BD$360+$Z18/$BD$361+$AA18/$BD$362+$AB18/$BD$363+$AC18/$BD$364+$AD18/$BD$365+$AE18/$BD$366+$AF18/$BD$367+$AG18/$BD$369+$AH18/$BD$355+$AI18/$BD$356+$AJ18/$BD$357+$AK18/$BD$368+$AL18/$BD$358) -> 0 | BC18: =100*(AE18/BD$366)/($O18/$BD$343+$P18/$BD$344+$Q18/$BD$346+$R18/$BD$348+$S18/$BD$350+$T18/$BD$351+$U18/$BD$352+$V18/$BD$353+$W18/$BD$354+$X18/$BD$359+$Y18/$BD$360+$Z18/$BD$361+$AA18/$BD$362+$AB18/$BD$363+$AC18/$BD$364+$AD18/$BD$365+$AE18/$BD$366+$AF18/$BD$367+$AG18/$BD$369+$AH18/$BD$355+$AI18/$BD$356+$AJ18/$BD$357+$AK18/$BD$368+$AL18/$BD$358) -> 0 | BD18: =100*(AF18/BD$367)/($O18/$BD$343+$P18/$BD$344+$Q18/$BD$346+$R18/$BD$348+$S18/$BD$350+$T18/$BD$351+$U18/$BD$352+$V18/$BD$353+$W18/$BD$354+$X18/$BD$359+$Y18/$BD$360+$Z18/$BD$361+$AA18/$BD$362+$AB18/$BD$363+$AC18/$BD$364+$AD18/$BD$365+$AE18/$BD$366+$AF18/$BD$367+$AG18/$BD$369+$AH18/$BD$355+$AI18/$BD$356+$AJ18/$BD$357+$AK18/$BD$368+$AL18/$BD$358) -> 0 | BE18: =100*(AG18/BD$369)/($O18/$BD$343+$P18/$BD$344+$Q18/$BD$346+$R18/$BD$348+$S18/$BD$350+$T18/$BD$351+$U18/$BD$352+$V18/$BD$353+$W18/$BD$354+$X18/$BD$359+$Y18/$BD$360+$Z18/$BD$361+$AA18/$BD$362+$AB18/$BD$363+$AC18/$BD$364+$AD18/$BD$365+$AE18/$BD$366+$AF18/$BD$367+$AG18/$BD$369+$AH18/$BD$355+$AI18/$BD$356+$AJ18/$BD$357+$AK18/$BD$368+$AL18/$BD$358) -> 0 | BF18: =100*(AH18/BD$355)/($O18/$BD$343+$P18/$BD$344+$Q18/$BD$346+$R18/$BD$348+$S18/$BD$350+$T18/$BD$351+$U18/$BD$352+$V18/$BD$353+$W18/$BD$354+$X18/$BD$359+$Y18/$BD$360+$Z18/$BD$361+$AA18/$BD$362+$AB18/$BD$363+$AC18/$BD$364+$AD18/$BD$365+$AE18/$BD$366+$AF18/$BD$367+$AG18/$BD$369+$AH18/$BD$355+$AI18/$BD$356+$AJ18/$BD$357+$AK18/$BD$368+$AL18/$BD$358) -> 0 | BG18: =100*(AI18/BD$356)/($O18/$BD$343+$P18/$BD$344+$Q18/$BD$346+$R18/$BD$348+$S18/$BD$350+$T18/$BD$351+$U18/$BD$352+$V18/$BD$353+$W18/$BD$354+$X18/$BD$359+$Y18/$BD$360+$Z18/$BD$361+$AA18/$BD$362+$AB18/$BD$363+$AC18/$BD$364+$AD18/$BD$365+$AE18/$BD$366+$AF18/$BD$367+$AG18/$BD$369+$AH18/$BD$355+$AI18/$BD$356+$AJ18/$BD$357+$AK18/$BD$368+$AL18/$BD$358) -> 0 | BH18: =100*(AJ18/BD$357)/($O18/$BD$343+$P18/$BD$344+$Q18/$BD$346+$R18/$BD$348+$S18/$BD$350+$T18/$BD$351+$U18/$BD$352+$V18/$BD$353+$W18/$BD$354+$X18/$BD$359+$Y18/$BD$360+$Z18/$BD$361+$AA18/$BD$362+$AB18/$BD$363+$AC18/$BD$364+$AD18/$BD$365+$AE18/$BD$366+$AF18/$BD$367+$AG18/$BD$369+$AH18/$BD$355+$AI18/$BD$356+$AJ18/$BD$357+$AK18/$BD$368+$AL18/$BD$358) -> 0 | BI18: =100*(AK18/BD$368)/($O18/$BD$343+$P18/$BD$344+$Q18/$BD$346+$R18/$BD$348+$S18/$BD$350+$T18/$BD$351+$U18/$BD$352+$V18/$BD$353+$W18/$BD$354+$X18/$BD$359+$Y18/$BD$360+$Z18/$BD$361+$AA18/$BD$362+$AB18/$BD$363+$AC18/$BD$364+$AD18/$BD$365+$AE18/$BD$366+$AF18/$BD$367+$AG18/$BD$369+$AH18/$BD$355+$AI18/$BD$356+$AJ18/$BD$357+$AK18/$BD$368+$AL18/$BD$358) -> 0 | BJ18: =100*(AL18/BD$358)/($O18/$BD$343+$P18/$BD$344+$Q18/$BD$346+$R18/$BD$348+$S18/$BD$350+$T18/$BD$351+$U18/$BD$352+$V18/$BD$353+$W18/$BD$354+$X18/$BD$359+$Y18/$BD$360+$Z18/$BD$361+$AA18/$BD$362+$AB18/$BD$363+$AC18/$BD$364+$AD18/$BD$365+$AE18/$BD$366+$AF18/$BD$367+$AG18/$BD$369+$AH18/$BD$355+$AI18/$BD$356+$AJ18/$BD$357+$AK18/$BD$368+$AL18/$BD$358) -> 0 | BK18: =(($AM18*($BK$396+$BJ$396*($BM$389+$I18))+$AN18*($BK$397+$BJ$397*($BM$389+$I18))+$AO18*($BK$398+$BJ$398*($BM$389+$I18))+$AP18*($BK$399+$BJ$399*($BM$389+$I18))+$AR18*($BK$401+$BJ$401*($BM$389+$I18))+$AS18*($BK$402+$BJ$402*($BM$389+$I18))+$AT18*($BK$403+$BJ$403*($BM$389+$I18))+$AU18*($BK$404+$BJ$404*($BM$389+$I18))+$AV18*($BK$405+$BJ$405*($BM$389+$I18))+$AW18*($BK$406+$BJ$406*($BM$389+$I18))+$AX18*($BK$407+$BJ$407*($BM$389+$I18))+$AY18*($BK$408+$BJ$408*($BM$389+$I18))+$AZ18*($BK$409+$BJ$409*($BM$389+$I18))+$BB18*($BK$411+$BJ$411*($BM$389+$I18))+$BC18*($BK$412+$BJ$412*($BM$389+$I18))+$BD18*($BK$413+$BJ$413*($BM$389+$I18))+$BF18*($BK$415+$BJ$415*($BM$389+$I18))+$BI18*($BK$416+$BJ$416*($BM$389+$I18)))/(SUM($AM18:$BJ18)-$AQ18-$BA18-$BE18-$BG18-$BH18-$BJ18)) -> -154.88568 | BL18: =IF($K18=$L18,$BK18,IF(OR($K18="graphite",$K18="vitreous carbon"),$BK$406+($BM$389+$I18)*$BJ$406,IF($K18="Pyrolytic Boron Nitride","PBN",IF(COUNTIF($BH$396:$BH$416,$K18)>0,VLOOKUP($K18,$BH$396:$BK$416,4,FALSE)+($BM$389+$I18)*VLOOKUP($K18,$BH$396:$BK$416,3,FALSE),IF(COUNTIF($L$2:$L17,$K18)>0,VLOOKUP($K18,$L$2:$BK17,52,FALSE),"idk"))))) -> -117.90049 | BM18: 20 | BN18: 10 | BO18: 1.5 | BP18: FLiNaK | BR18: yes | BT18: 0 | BU18: 16 | BZ18: 6 | CA18: 7 | CE18: 1 | CH18: 314 | CM18: 590 | DJ18: 0 | DK18: 0 | DO18: -2.94 | DQ18: 7139286 | DS18: 1 | DT18: https://enispa.sharepoint.com/sites/Venicelaboratories-FLiNaKandFLiBecorrosion/Documenti%20condivisi/FLiNaK%20and%20FLiBe%20corrosion/3.%20Letteratura/Attività%202023/2023_Pint_Methodology%20for%20Assessing%20Stainless%20Steel%20Compatibility%20in%20Fluoride%20Salts%20at%20550°-850°C.pdf | DW18: =SUM(_2025_01_07T12_47_export3[[#This Row],[Ni_wt]:[H_wt]]) -> 100 | DY18: =SUM($AM18:BJ18) -> 100
A19: B1Cr2023Pint | B19: 27 | C19: ORNL | D19: 2023 | E19: Pint | F19: B1 | G19: static | H19: 0 | I19: 650 | J19: 500 | K19: Mo | L19: Cr | N19: 8960000 | P19: 100 | AM19: =100*(O19/BD$343)/($O19/$BD$343+$P19/$BD$344+$Q19/$BD$346+$R19/$BD$348+$S19/$BD$350+$T19/$BD$351+$U19/$BD$352+$V19/$BD$353+$W19/$BD$354+$X19/$BD$359+$Y19/$BD$360+$Z19/$BD$361+$AA19/$BD$362+$AB19/$BD$363+$AC19/$BD$364+$AD19/$BD$365+$AE19/$BD$366+$AF19/$BD$367+$AG19/$BD$369+$AH19/$BD$355+$AI19/$BD$356+$AJ19/$BD$357+$AK19/$BD$368+$AL19/$BD$358) -> 0 | AN19: =100*(P19/BD$344)/($O19/$BD$343+$P19/$BD$344+$Q19/$BD$346+$R19/$BD$348+$S19/$BD$350+$T19/$BD$351+$U19/$BD$352+$V19/$BD$353+$W19/$BD$354+$X19/$BD$359+$Y19/$BD$360+$Z19/$BD$361+$AA19/$BD$362+$AB19/$BD$363+$AC19/$BD$364+$AD19/$BD$365+$AE19/$BD$366+$AF19/$BD$367+$AG19/$BD$369+$AH19/$BD$355+$AI19/$BD$356+$AJ19/$BD$357+$AK19/$BD$368+$AL19/$BD$358) -> 100 | AO19: =100*(Q19/BD$346)/($O19/$BD$343+$P19/$BD$344+$Q19/$BD$346+$R19/$BD$348+$S19/$BD$350+$T19/$BD$351+$U19/$BD$352+$V19/$BD$353+$W19/$BD$354+$X19/$BD$359+$Y19/$BD$360+$Z19/$BD$361+$AA19/$BD$362+$AB19/$BD$363+$AC19/$BD$364+$AD19/$BD$365+$AE19/$BD$366+$AF19/$BD$367+$AG19/$BD$369+$AH19/$BD$355+$AI19/$BD$356+$AJ19/$BD$357+$AK19/$BD$368+$AL19/$BD$358) -> 0 | AP19: =100*(R19/BD$348)/($O19/$BD$343+$P19/$BD$344+$Q19/$BD$346+$R19/$BD$348+$S19/$BD$350+$T19/$BD$351+$U19/$BD$352+$V19/$BD$353+$W19/$BD$354+$X19/$BD$359+$Y19/$BD$360+$Z19/$BD$361+$AA19/$BD$362+$AB19/$BD$363+$AC19/$BD$364+$AD19/$BD$365+$AE19/$BD$366+$AF19/$BD$367+$AG19/$BD$369+$AH19/$BD$355+$AI19/$BD$356+$AJ19/$BD$357+$AK19/$BD$368+$AL19/$BD$358) -> 0 | AQ19: =100*(S19/BD$350)/($O19/$BD$343+$P19/$BD$344+$Q19/$BD$346+$R19/$BD$348+$S19/$BD$350+$T19/$BD$351+$U19/$BD$352+$V19/$BD$353+$W19/$BD$354+$X19/$BD$359+$Y19/$BD$360+$Z19/$BD$361+$AA19/$BD$362+$AB19/$BD$363+$AC19/$BD$364+$AD19/$BD$365+$AE19/$BD$366+$AF19/$BD$367+$AG19/$BD$369+$AH19/$BD$355+$AI19/$BD$356+$AJ19/$BD$357+$AK19/$BD$368+$AL19/$BD$358) -> 0 | AR19: =100*(T19/BD$351)/($O19/$BD$343+$P19/$BD$344+$Q19/$BD$346+$R19/$BD$348+$S19/$BD$350+$T19/$BD$351+$U19/$BD$352+$V19/$BD$353+$W19/$BD$354+$X19/$BD$359+$Y19/$BD$360+$Z19/$BD$361+$AA19/$BD$362+$AB19/$BD$363+$AC19/$BD$364+$AD19/$BD$365+$AE19/$BD$366+$AF19/$BD$367+$AG19/$BD$369+$AH19/$BD$355+$AI19/$BD$356+$AJ19/$BD$357+$AK19/$BD$368+$AL19/$BD$358) -> 0 | AS19: =100*(U19/BD$352)/($O19/$BD$343+$P19/$BD$344+$Q19/$BD$346+$R19/$BD$348+$S19/$BD$350+$T19/$BD$351+$U19/$BD$352+$V19/$BD$353+$W19/$BD$354+$X19/$BD$359+$Y19/$BD$360+$Z19/$BD$361+$AA19/$BD$362+$AB19/$BD$363+$AC19/$BD$364+$AD19/$BD$365+$AE19/$BD$366+$AF19/$BD$367+$AG19/$BD$369+$AH19/$BD$355+$AI19/$BD$356+$AJ19/$BD$357+$AK19/$BD$368+$AL19/$BD$358) -> 0 | AT19: =100*(V19/BD$353)/($O19/$BD$343+$P19/$BD$344+$Q19/$BD$346+$R19/$BD$348+$S19/$BD$350+$T19/$BD$351+$U19/$BD$352+$V19/$BD$353+$W19/$BD$354+$X19/$BD$359+$Y19/$BD$360+$Z19/$BD$361+$AA19/$BD$362+$AB19/$BD$363+$AC19/$BD$364+$AD19/$BD$365+$AE19/$BD$366+$AF19/$BD$367+$AG19/$BD$369+$AH19/$BD$355+$AI19/$BD$356+$AJ19/$BD$357+$AK19/$BD$368+$AL19/$BD$358) -> 0 | AU19: =100*(W19/BD$354)/($O19/$BD$343+$P19/$BD$344+$Q19/$BD$346+$R19/$BD$348+$S19/$BD$350+$T19/$BD$351+$U19/$BD$352+$V19/$BD$353+$W19/$BD$354+$X19/$BD$359+$Y19/$BD$360+$Z19/$BD$361+$AA19/$BD$362+$AB19/$BD$363+$AC19/$BD$364+$AD19/$BD$365+$AE19/$BD$366+$AF19/$BD$367+$AG19/$BD$369+$AH19/$BD$355+$AI19/$BD$356+$AJ19/$BD$357+$AK19/$BD$368+$AL19/$BD$358) -> 0 | AV19: =100*(X19/BD$359)/($O19/$BD$343+$P19/$BD$344+$Q19/$BD$346+$R19/$BD$348+$S19/$BD$350+$T19/$BD$351+$U19/$BD$352+$V19/$BD$353+$W19/$BD$354+$X19/$BD$359+$Y19/$BD$360+$Z19/$BD$361+$AA19/$BD$362+$AB19/$BD$363+$AC19/$BD$364+$AD19/$BD$365+$AE19/$BD$366+$AF19/$BD$367+$AG19/$BD$369+$AH19/$BD$355+$AI19/$BD$356+$AJ19/$BD$357+$AK19/$BD$368+$AL19/$BD$358) -> 0 | AW19: =100*(Y19/BD$360)/($O19/$BD$343+$P19/$BD$344+$Q19/$BD$346+$R19/$BD$348+$S19/$BD$350+$T19/$BD$351+$U19/$BD$352+$V19/$BD$353+$W19/$BD$354+$X19/$BD$359+$Y19/$BD$360+$Z19/$BD$361+$AA19/$BD$362+$AB19/$BD$363+$AC19/$BD$364+$AD19/$BD$365+$AE19/$BD$366+$AF19/$BD$367+$AG19/$BD$369+$AH19/$BD$355+$AI19/$BD$356+$AJ19/$BD$357+$AK19/$BD$368+$AL19/$BD$358) -> 0 | AX19: =100*(Z19/BD$361)/($O19/$BD$343+$P19/$BD$344+$Q19/$BD$346+$R19/$BD$348+$S19/$BD$350+$T19/$BD$351+$U19/$BD$352+$V19/$BD$353+$W19/$BD$354+$X19/$BD$359+$Y19/$BD$360+$Z19/$BD$361+$AA19/$BD$362+$AB19/$BD$363+$AC19/$BD$364+$AD19/$BD$365+$AE19/$BD$366+$AF19/$BD$367+$AG19/$BD$369+$AH19/$BD$355+$AI19/$BD$356+$AJ19/$BD$357+$AK19/$BD$368+$AL19/$BD$358) -> 0 | AY19: =100*(AA19/BD$362)/($O19/$BD$343+$P19/$BD$344+$Q19/$BD$346+$R19/$BD$348+$S19/$BD$350+$T19/$BD$351+$U19/$BD$352+$V19/$BD$353+$W19/$BD$354+$X19/$BD$359+$Y19/$BD$360+$Z19/$BD$361+$AA19/$BD$362+$AB19/$BD$363+$AC19/$BD$364+$AD19/$BD$365+$AE19/$BD$366+$AF19/$BD$367+$AG19/$BD$369+$AH19/$BD$355+$AI19/$BD$356+$AJ19/$BD$357+$AK19/$BD$368+$AL19/$BD$358) -> 0 | AZ19: =100*(AB19/BD$363)/($O19/$BD$343+$P19/$BD$344+$Q19/$BD$346+$R19/$BD$348+$S19/$BD$350+$T19/$BD$351+$U19/$BD$352+$V19/$BD$353+$W19/$BD$354+$X19/$BD$359+$Y19/$BD$360+$Z19/$BD$361+$AA19/$BD$362+$AB19/$BD$363+$AC19/$BD$364+$AD19/$BD$365+$AE19/$BD$366+$AF19/$BD$367+$AG19/$BD$369+$AH19/$BD$355+$AI19/$BD$356+$AJ19/$BD$357+$AK19/$BD$368+$AL19/$BD$358) -> 0 | BA19: =100*(AC19/BD$364)/($O19/$BD$343+$P19/$BD$344+$Q19/$BD$346+$R19/$BD$348+$S19/$BD$350+$T19/$BD$351+$U19/$BD$352+$V19/$BD$353+$W19/$BD$354+$X19/$BD$359+$Y19/$BD$360+$Z19/$BD$361+$AA19/$BD$362+$AB19/$BD$363+$AC19/$BD$364+$AD19/$BD$365+$AE19/$BD$366+$AF19/$BD$367+$AG19/$BD$369+$AH19/$BD$355+$AI19/$BD$356+$AJ19/$BD$357+$AK19/$BD$368+$AL19/$BD$358) -> 0 | BB19: =100*(AD19/BD$365)/($O19/$BD$343+$P19/$BD$344+$Q19/$BD$346+$R19/$BD$348+$S19/$BD$350+$T19/$BD$351+$U19/$BD$352+$V19/$BD$353+$W19/$BD$354+$X19/$BD$359+$Y19/$BD$360+$Z19/$BD$361+$AA19/$BD$362+$AB19/$BD$363+$AC19/$BD$364+$AD19/$BD$365+$AE19/$BD$366+$AF19/$BD$367+$AG19/$BD$369+$AH19/$BD$355+$AI19/$BD$356+$AJ19/$BD$357+$AK19/$BD$368+$AL19/$BD$358) -> 0 | BC19: =100*(AE19/BD$366)/($O19/$BD$343+$P19/$BD$344+$Q19/$BD$346+$R19/$BD$348+$S19/$BD$350+$T19/$BD$351+$U19/$BD$352+$V19/$BD$353+$W19/$BD$354+$X19/$BD$359+$Y19/$BD$360+$Z19/$BD$361+$AA19/$BD$362+$AB19/$BD$363+$AC19/$BD$364+$AD19/$BD$365+$AE19/$BD$366+$AF19/$BD$367+$AG19/$BD$369+$AH19/$BD$355+$AI19/$BD$356+$AJ19/$BD$357+$AK19/$BD$368+$AL19/$BD$358) -> 0 | BD19: =100*(AF19/BD$367)/($O19/$BD$343+$P19/$BD$344+$Q19/$BD$346+$R19/$BD$348+$S19/$BD$350+$T19/$BD$351+$U19/$BD$352+$V19/$BD$353+$W19/$BD$354+$X19/$BD$359+$Y19/$BD$360+$Z19/$BD$361+$AA19/$BD$362+$AB19/$BD$363+$AC19/$BD$364+$AD19/$BD$365+$AE19/$BD$366+$AF19/$BD$367+$AG19/$BD$369+$AH19/$BD$355+$AI19/$BD$356+$AJ19/$BD$357+$AK19/$BD$368+$AL19/$BD$358) -> 0 | BE19: =100*(AG19/BD$369)/($O19/$BD$343+$P19/$BD$344+$Q19/$BD$346+$R19/$BD$348+$S19/$BD$350+$T19/$BD$351+$U19/$BD$352+$V19/$BD$353+$W19/$BD$354+$X19/$BD$359+$Y19/$BD$360+$Z19/$BD$361+$AA19/$BD$362+$AB19/$BD$363+$AC19/$BD$364+$AD19/$BD$365+$AE19/$BD$366+$AF19/$BD$367+$AG19/$BD$369+$AH19/$BD$355+$AI19/$BD$356+$AJ19/$BD$357+$AK19/$BD$368+$AL19/$BD$358) -> 0 | BF19: =100*(AH19/BD$355)/($O19/$BD$343+$P19/$BD$344+$Q19/$BD$346+$R19/$BD$348+$S19/$BD$350+$T19/$BD$351+$U19/$BD$352+$V19/$BD$353+$W19/$BD$354+$X19/$BD$359+$Y19/$BD$360+$Z19/$BD$361+$AA19/$BD$362+$AB19/$BD$363+$AC19/$BD$364+$AD19/$BD$365+$AE19/$BD$366+$AF19/$BD$367+$AG19/$BD$369+$AH19/$BD$355+$AI19/$BD$356+$AJ19/$BD$357+$AK19/$BD$368+$AL19/$BD$358) -> 0 | BG19: =100*(AI19/BD$356)/($O19/$BD$343+$P19/$BD$344+$Q19/$BD$346+$R19/$BD$348+$S19/$BD$350+$T19/$BD$351+$U19/$BD$352+$V19/$BD$353+$W19/$BD$354+$X19/$BD$359+$Y19/$BD$360+$Z19/$BD$361+$AA19/$BD$362+$AB19/$BD$363+$AC19/$BD$364+$AD19/$BD$365+$AE19/$BD$366+$AF19/$BD$367+$AG19/$BD$369+$AH19/$BD$355+$AI19/$BD$356+$AJ19/$BD$357+$AK19/$BD$368+$AL19/$BD$358) -> 0 | BH19: =100*(AJ19/BD$357)/($O19/$BD$343+$P19/$BD$344+$Q19/$BD$346+$R19/$BD$348+$S19/$BD$350+$T19/$BD$351+$U19/$BD$352+$V19/$BD$353+$W19/$BD$354+$X19/$BD$359+$Y19/$BD$360+$Z19/$BD$361+$AA19/$BD$362+$AB19/$BD$363+$AC19/$BD$364+$AD19/$BD$365+$AE19/$BD$366+$AF19/$BD$367+$AG19/$BD$369+$AH19/$BD$355+$AI19/$BD$356+$AJ19/$BD$357+$AK19/$BD$368+$AL19/$BD$358) -> 0 | BI19: =100*(AK19/BD$368)/($O19/$BD$343+$P19/$BD$344+$Q19/$BD$346+$R19/$BD$348+$S19/$BD$350+$T19/$BD$351+$U19/$BD$352+$V19/$BD$353+$W19/$BD$354+$X19/$BD$359+$Y19/$BD$360+$Z19/$BD$361+$AA19/$BD$362+$AB19/$BD$363+$AC19/$BD$364+$AD19/$BD$365+$AE19/$BD$366+$AF19/$BD$367+$AG19/$BD$369+$AH19/$BD$355+$AI19/$BD$356+$AJ19/$BD$357+$AK19/$BD$368+$AL19/$BD$358) -> 0 | BJ19: =100*(AL19/BD$358)/($O19/$BD$343+$P19/$BD$344+$Q19/$BD$346+$R19/$BD$348+$S19/$BD$350+$T19/$BD$351+$U19/$BD$352+$V19/$BD$353+$W19/$BD$354+$X19/$BD$359+$Y19/$BD$360+$Z19/$BD$361+$AA19/$BD$362+$AB19/$BD$363+$AC19/$BD$364+$AD19/$BD$365+$AE19/$BD$366+$AF19/$BD$367+$AG19/$BD$369+$AH19/$BD$355+$AI19/$BD$356+$AJ19/$BD$357+$AK19/$BD$368+$AL19/$BD$358) -> 0 | BK19: =(($AM19*($BK$396+$BJ$396*($BM$389+$I19))+$AN19*($BK$397+$BJ$397*($BM$389+$I19))+$AO19*($BK$398+$BJ$398*($BM$389+$I19))+$AP19*($BK$399+$BJ$399*($BM$389+$I19))+$AR19*($BK$401+$BJ$401*($BM$389+$I19))+$AS19*($BK$402+$BJ$402*($BM$389+$I19))+$AT19*($BK$403+$BJ$403*($BM$389+$I19))+$AU19*($BK$404+$BJ$404*($BM$389+$I19))+$AV19*($BK$405+$BJ$405*($BM$389+$I19))+$AW19*($BK$406+$BJ$406*($BM$389+$I19))+$AX19*($BK$407+$BJ$407*($BM$389+$I19))+$AY19*($BK$408+$BJ$408*($BM$389+$I19))+$AZ19*($BK$409+$BJ$409*($BM$389+$I19))+$BB19*($BK$411+$BJ$411*($BM$389+$I19))+$BC19*($BK$412+$BJ$412*($BM$389+$I19))+$BD19*($BK$413+$BJ$413*($BM$389+$I19))+$BF19*($BK$415+$BJ$415*($BM$389+$I19))+$BI19*($BK$416+$BJ$416*($BM$389+$I19)))/(SUM($AM19:$BJ19)-$AQ19-$BA19-$BE19-$BG19-$BH19-$BJ19)) -> -151.45537 | BL19: =IF($K19=$L19,$BK19,IF(OR($K19="graphite",$K19="vitreous carbon"),$BK$406+($BM$389+$I19)*$BJ$406,IF($K19="Pyrolytic Boron Nitride","PBN",IF(COUNTIF($BH$396:$BH$416,$K19)>0,VLOOKUP($K19,$BH$396:$BK$416,4,FALSE)+($BM$389+$I19)*VLOOKUP($K19,$BH$396:$BK$416,3,FALSE),IF(COUNTIF($L$2:$L18,$K19)>0,VLOOKUP($K19,$L$2:$BK18,52,FALSE),"idk"))))) -> -115.93813 | BM19: 20 | BN19: 10 | BO19: 1.5 | BP19: FLiNaK | BR19: yes | BT19: 0 | BU19: 16 | BZ19: 6 | CA19: 7 | CE19: 1 | CH19: 314 | CM19: 590 | DJ19: 0 | DK19: 0 | DO19: -1.96 | DQ19: 7139286 | DS19: 1 | DW19: =SUM(_2025_01_07T12_47_export3[[#This Row],[Ni_wt]:[H_wt]]) -> 100 | DY19: =SUM($AM19:BJ19) -> 100
